â€¦,3367
won,1458
question,1282
documents,1273
response,1271
confirmed,1269
authenticity,1269
debate,794
poll,568
ğŸ‡¸,489
ğŸ‡º,489
presidential,458
final,453
last,434
amp,434
please,393
vote,369
know,335
tonight,298
ğŸ’¥,241
winning,232
retweet,222
3,218
think,211
Ã³,197
n,190
said,185
el,183
rd,182
foundation,176
vot,170
haiti,170
got,164
y,163
Ã©,160
what's,151
whose,151
de,150
disgrace,149
happened,147
everyb,147
Â ,144
ÙŠ,132
m,127
hillary,126
saying,126
en,126
Ø§,120
come,117
Ù„,117
time,116
across,113
playing,112
tr,111
role,111
actors,111
trump,111
appear,111
puppet,110
would,100
nasty,99
give,99
woman,99
bill,97
far,94
son,94
chr,93
constitution,91
Ù‡,90
whos,89
dna,88
test,88
verified,88
like,87
feel,86
9,85
everything,85
la,83
qui,82
change,80
winner,80
seconds,78
condensed,78
Ø±,77
Â¿,77
liar,76
Ø¨,76
â€™,75
get,75
biggest,74
who's,74
entre,70
que,69
presidencial,69
finaliza,68
going,68
tu,68
debates,68
Ãº,68
ltimo,67
truth,66
campaign,65
gan,65
encuentro,64
opini,64
tercer,64
cnn,61
clinton,60
throw,60
Øª,60
disaster,59
â€œ,58
don't,58
candidate,55
2,55
4,55
donald,54
Ø·,54
wining,54
that's,54
Ã­,52
bad,51
39,51
says,50
policies,50
Ã¡,50
ret,50
election,50
â€,48
win,48
say,47
52,47
many,46
vs,43
1,42
keep,42
Ù…,41
Ø©,41
una,41
it's,40
Ø³,39
people,39
putin,39
emails,39
us,38
Ø¦,38
i'm,37
russia,37
r,37
little,36
help,36
ğŸ˜‚,36
new,34
calling,34
better,33
photo,33
boy,33
top,32
came,32
kids,32
realize,32
cr,32
wrong,31
wrap,31
es,31
americans,31
bleeding,31
haunts,31
et,30
agree,30
finale,30
somebody,29
president,29
orc,29
outcome,29
b,29
les,29
opinion,29
word,28
percentage,28
wanna,28
live,28
news,28
un,28
believe,28
you're,28
make,27
si,27
need,27
voting,27
one,27
things,27
results,26
le,26
calls,25
u,25
c,25
wins,25
basically,25
women,25
want,24
w,24
instant,24
via,24
d,24
we're,24
yelling,23
war,23
america,23
voters,23
tonight's,22
accept,22
go,22
horrific,22
smarter,22
first,22
Ù†,22
Ã ,22
much,22
sobre,21
public,21
media,21
Ùˆ,21
even,20
battle,20
se,20
e,20
rigged,20
las,20
l,20
Ù‚,20
money,20
los,20
stage,20
watch,19
way,19
Ù,19
open,19
anyone,19
Ø£,19
Ø¹,19
per,19
lies,19
years,19
Ø²,19
syria,19
h,19
Ù‰,18
real,18
tv,18
Ø¥,18
clinton's,18
exhibit,18
country,18
claim,18
10,18
history,18
000,18
Ø¶,18
watched,18
never,18
ha,18
dangerous,18
call,17
ğŸ”¥,17
avait,17
ï¸,17
can't,17
american,17
Ä±,17
ponses,17
let,17
trade,17
criminal,17
great,16
pero,16
35,16
still,16
he's,16
take,16
hombres,16
she's,16
machine,15
third,15
alone,15
didn't,15
sent,15
okay,15
percent,15
state,15
ht,15
90,15
presidentia,15
con,15
must,15
millions,15
show,15
polls,15
two,15
also,15
finds,15
look,15
prepared,15
hands,15
lui,15
let's,14
goes,14
blame,14
th,14
del,14
benefit,14
tambi,14
believes,14
watching,14
obama,14
defended,14
email,14
quiero,14
world,14
end,13
false,13
59,13
support,13
behind,13
borders,13
safety,13
dans,13
questions,13
uranium,13
video,13
potus,13
taxes,13
doesn't,13
di,13
financially,13
tougher,13
nation,13
gives,13
cities,13
actually,13
selling,13
frontera,13
higher,13
nuestra,13
honor,13
seguridad,13
ğŸ˜†,13
point,13
fit,12
regardez,12
dollars,12
wants,12
totally,12
integral,12
recession,12
could,12
talk,12
tricherie,12
reforma,12
victoria,12
â€˜,12
migratoria,12
dictait,12
shows,12
narrative,12
quien,12
pay,12
respect,12
hell,12
back,12
34,12
next,12
comparison,12
declaraci,12
pendant,12
aceptar,12
group,11
pantsuit,11
lied,11
hear,11
true,11
husband,11
por,11
talks,11
richard,11
der,11
see,11
filthy,11
deals,11
usa,11
stop,11
sexual,11
â€“,11
co,11
supporters,11
chicanery,11
commit,11
nixon,11
v,11
either,11
exposed,11
27,11
ğŸ†˜,11
uh,11
objects,11
â€¼,11
times,11
favor,11
Ã¨,11
another,10
dj,10
ever,10
fbi,10
duda,10
msm,10
Ã±,10
white,10
19,10
pro,10
review,10
pol,10
case,10
sembr,10
needs,10
run,10
prosecutor,10
ok,10
democracy,10
Ã§,10
alarmante,10
playlist,10
trusting,10
able,10
mintpress,10
friends,10
mt,10
network,10
re,10
wanted,10
rapist,10
putins,10
propaganda,10
prove,10
wikileaks,10
african,10
l'avance,10
mane,10
heated,10
trying,10
forget,10
really,10
ser,10
corruption,10
negotiate,10
russia's,10
exchange,10
party,10
government,10
est,10
made,10
facts,9
57,9
â€¯,9
o,9
everybody,9
su,9
shown,9
national,9
remarks,9
chris,9
fraudulent,9
fav,9
fool,9
7,9
clean,9
eeuu,9
political,9
understand,9
tax,9
well,9
claims,9
du,9
result,9
il,9
evidence,9
songs,9
0,9
cuts,9
thing,9
sure,9
fraud,9
foreign,9
elections,9
around,9
using,9
big,9
democrats,9
lo,9
2016,9
reaching,9
getting,9
haha,8
bat,8
wo,8
security,8
deal,8
head,8
policy,8
here's,8
neither,8
62,8
lol,8
country-wide,8
story,8
lying,8
systematically,8
makes,8
fair,8
candidates,8
voter,8
perpetuates,8
trust,8
30,8
right,8
âš–,8
man,8
weighted,8
care,8
honest,8
al,8
politics,8
social,8
knows,8
good,8
part,8
person,8
ğŸ“º,8
presidenta,8
f,8
something,8
republican,8
face,8
sued,8
gets,8
â€”,8
loses,8
dnc,7
ğŸ—£,7
elle,7
blue,7
website,7
fox,7
ensure,7
ğŸ‘,7
today,7
cnn-blitzumfrage,7
wallace,7
seriously,7
releases,7
republic,7
black,7
hedge,7
como,7
ÄŸ,7
suo,7
answers,7
states,7
ya,7
done,7
statement,7
para,7
nothing,7
clear,7
hit,7
ready,7
prosecuted,7
use,7
info,7
issues,7
pour,7
chief,7
won't,7
steel,7
job,7
tiene,7
interrupts,7
lost,7
minutes,7
letzten,7
tell,7
classified,7
doc,7
ğŸ•´,7
speak,7
sad,7
hay,7
algo,7
focus,7
vegas,7
rights,7
half,7
er,7
proud,7
nuclear,7
jc,7
stand,7
month,7
everyone,7
nonsense,7
called,7
che,7
tv-duell,7
confronto,7
spread,7
office,6
project,6
mind,6
corrupt,6
best,6
families,6
im,6
evil,6
shadow,6
denies,6
deception,6
heller,6
zone,6
love,6
court,6
jail,6
long,6
15,6
allegations,6
staffer,6
comes,6
different,6
week,6
populista,6
leaked,6
free,6
ahead,6
family's,6
putting,6
botched,6
dons,6
appoggio,6
anything,6
attacca,6
crowds,6
bed,6
fact,6
police,6
refugees,6
count,6
supreme,6
undecideds,6
48,6
hacker,6
established,6
i'd,6
total,6
badly,6
240,6
matter,6
future,6
gobierno,6
campa,6
esto,6
teeth,6
htt,6
hotels,6
economy,6
insta-polls,6
laws,6
reveal,6
according,6
mark,6
middle,6
someone,6
reality,6
townhall,6
important,6
caused,6
smile,6
sul,6
des,6
plans,6
dept,6
lie,6
mistake,6
kn,6
describes,6
google,6
chi,6
presidente,6
looks,6
system,6
mit,6
journalist,6
lose,6
paga,6
repeat,6
funds,6
41,6
cause,5
blames,5
elecciones,5
damaging,5
p56,5
bar,5
ban,5
estados,5
presidency,5
ii,5
human,5
sfida,5
dead,5
post,5
deny,5
shit,5
cos,5
chair,5
federales,5
opposes,5
ibd,5
may,5
date,5
raised,5
aliens,5
non,5
amnesty,5
bayer,5
card,5
wiki,5
chance,5
forward,5
11,5
jobs,5
consejos,5
read,5
enough,5
5,5
track,5
i'll,5
put,5
Â¡,5
alla,5
messes,5
ces,5
running,5
play,5
condi,5
prices,5
ğŸ”«,5
moment,5
bin,5
zombie,5
russian,5
draw,5
tra,5
giving,5
products,5
hillary's,5
opina,5
tied,5
report,5
hate,5
detailing,5
fallout,5
frame,5
fighting,5
loser,5
washington,5
videmment,5
voted,5
wjc,5
delegate,5
tv-duells,5
plot,5
army,5
work,5
gegen,5
fundador,5
safe,5
john,5
talking,5
seen,5
points,5
busc,5
tipp,5
child,5
ğŸ¸,5
yet,5
c'est,5
check,5
ticos,5
disgusting,5
team,5
wait,5
fake,5
making,5
dropped,5
remember,5
exclusive,5
thank,5
investigation,5
massive,5
dice,5
charities,5
elected,5
among,5
mary,5
commander,5
trump's,5
veritas,5
laundering,5
moderate,5
oh,5
start,5
inteligente,5
ouch,5
abc,5
sur,5
actu,5
always,5
found,5
beyond,5
since,5
attacking,5
failed,5
sex,5
waste,5
scale,5
definitely,5
cil,5
leak,5
illegal,5
rallies,5
day,5
linked,5
class,5
releasing,5
proceeds,5
guns,5
forcing,5
floor,5
republicanos,5
record,5
votes,4
every,4
bringing,4
fuera,4
Ã¹,4
accusations,4
answer,4
bianca,4
turning,4
ğŸ‘,4
bitter,4
ventaja,4
benghazi,4
seek,4
diretta,4
folks,4
respond,4
wa,4
ahora,4
salario,4
hitler,4
bingo,4
targeting,4
assult,4
yes,4
candidati,4
cultural,4
53,4
creer,4
elevando,4
espionage,4
isis,4
liberal,4
door,4
pobreza,4
minuto,4
guy,4
prefer,4
pure,4
texas,4
convinto,4
sounds,4
ont,4
ğŸ»,4
channel,4
assault,4
estar,4
triunfo,4
casa,4
trick,4
ironic,4
gonna,4
mom,4
pundits,4
went,4
prepare,4
tb,4
list,4
learned,4
family,4
compare,4
share,4
rather,4
breitbart,4
energy,4
oppo,4
feed,4
invader,4
molesto,4
hype,4
imaginario,4
wow,4
confianza,4
damn,4
straight,4
refuses,4
ğŸ’©,4
files,4
representan,4
Â»,4
murderer,4
body,4
led,4
standing,4
poppet,4
obvious,4
closing,4
cierra,4
enoja,4
mentioned,4
shaking,4
ğŸ˜³,4
red,4
globalcartoons,4
guys,4
elite,4
russians,4
letzts,4
beat,4
career,4
thought,4
40,4
Ğ½,4
lives,4
felt,4
battleground,4
military,4
turn,4
raccontarvi,4
l'ultima,4
resuelve,4
victory,4
already,4
listen,4
laden,4
nell'ultimo,4
bashed,4
republicans,4
aid,4
thanks,4
save,4
ny,4
flash,4
wore,4
capitalismo,4
supporting,4
gewinnt,4
mal,4
interesting,4
defeated-he,4
million,4
estadounidense,4
suit,4
sale,4
privacy,4
wyd,4
we've,4
thinks,4
tradicionalmente,4
sra,4
they're,4
ti,4
foxnews,4
strong,4
pico,4
ve,4
Ğ¸,4
6,4
ğŸ‘®,4
bias,4
blood,4
soon,4
cool,4
house,4
apocalypse,4
throws,4
build,4
accepting,4
cartoonelli,4
8,4
apprentice,4
close,4
beneficiaron,4
others,4
pi,4
fue,4
error,4
hoping,4
imperialism,4
funny,4
continuiamo,4
continue,4
Ã¤,4
pierde,4
immigration,4
ergebnis,4
rally,4
charity,4
friendly,4
38,4
sabe,4
cuates,4
dc,4
diciendo,4
ganadora,4
nobody,4
there's,4
wish,4
nimo,4
va,4
quiere,4
year,4
Â«,3
updated,3
second,3
100,3
scarier,3
â¬‡,3
destroyed,3
hidden,3
encourage,3
Ùƒ,3
bobo,3
prevails,3
und,3
life,3
brutal,3
handshake,3
shout,3
hat,3
govt,3
Ã¯,3
old,3
proudly,3
attacks,3
donated,3
tweeps,3
exist,3
declassifying,3
qatar,3
new-yorkais,3
sieht,3
charge,3
ğŸ½,3
fear,3
along,3
bribery,3
ğŸ§,3
retweeted,3
fly,3
quoting,3
crazy,3
stole,3
qu,3
eu,3
looking,3
tries,3
caught,3
participated,3
sahen,3
sull,3
Ğµ,3
paid,3
cuban,3
massacred,3
incite,3
divisi,3
bigly,3
vrai,3
60,3
todos,3
closest,3
catastrofe,3
seems,3
disappointed,3
audience,3
business,3
wasn't,3
strongly,3
syrian,3
ÅŸ,3
health,3
they'll,3
zero,3
undecided,3
ma,3
experience,3
obamacare,3
finally,3
plant,3
par,3
major,3
disabled,3
20,3
isn't,3
leave,3
issue,3
pathetic,3
ask,3
visions,3
giant,3
justice,3
pretty,3
fans,3
colpa,3
secret,3
self,3
salvo,3
claro,3
popular,3
decision,3
decisiones,3
step,3
nueva,3
working,3
extraterrestre,3
competition,3
line,3
department,3
2006,3
baby,3
facebook,3
confidence,3
control,3
dr,3
dan,3
investor,3
rep,3
g,3
blows,3
interests,3
nul,3
sec,3
outsmarted,3
hypocrite,3
thousands,3
dopo,3
siegerin,3
youranonglobal,3
Ğ»,3
admit,3
cu,3
file,3
sondage,3
coached,3
aventaja,3
checking,3
pied,3
prefieres,3
puede,3
van,3
ultimo,3
whether,3
sick,3
vastly,3
expanded,3
tired,3
nukes,3
hating,3
als,3
told,3
reporter,3
changed,3
controversy,3
une,3
hold,3
mr,3
rig,3
mongering,3
sham,3
side,3
mean,3
tuff,3
god,3
reader,3
rant,3
prendre,3
immigrants,3
newswatch,3
modern,3
bonne,3
though,3
ebook,3
camp,3
collusion,3
18,3
anerkennen,3
ils,3
path,3
basis,3
three,3
watchers,3
conservadora,3
fact-check,3
clearly,3
afraid,3
greatest,3
gave,3
discreet,3
offer,3
months,3
wat,3
attempted,3
failure,3
serious,3
choice,3
talked,3
headset,3
boycott,3
allowed,3
lacks,3
maybe,3
st,3
ğŸ¼,3
indeed,3
correct,3
season,3
ridiculous,3
scorecard,3
online,3
pages,3
Ğ°,3
flipped,3
cares,3
j,3
kennedy,3
patrick,3
server,3
no-fly,3
cleanser,3
created,3
palate,3
describe,3
general,3
vorn,3
logo,3
includes,3
wife,3
represent,3
lack,3
children,3
te,3
difference,3
mundial,3
controversey,3
suv,3
full,3
dem,3
male,3
primary,3
hard,3
missed,3
bye,3
imagine,3
expr,3
avec,3
bullies,3
become,3
leading,3
double,3
without,3
plan,3
terzo,3
find,3
couldn,3
gawd,3
haya,3
else,3
fund,3
grills,3
format,3
greeting,3
caliber,3
hasn't,3
interroger,3
dos,3
vice,3
ataque,3
retreated,3
dibattito,3
earth,3
piper,3
pushing,3
defeat,3
Ğ¾,3
quedando,3
hawk,3
despite,3
ticas,3
accusers,3
manipulation,3
hearings,3
bus,3
bring,3
exchanges,3
traductrice,3
condemn,3
riff,3
position,3
valecity,3
usual,3
less,3
handy,3
pa,3
hi,3
surreal,3
sich,3
quartz,3
stay,3
gap,3
sdetodo,3
yellow,2
pointing,2
lors,2
publicly,2
companies,2
Ğ¿,2
enjoy,2
k,2
california,2
reagan,2
hillarys,2
mo,2
electio,2
discurso,2
interfering,2
knockout,2
pence,2
service,2
hollywood,2
silly,2
efecto,2
forces,2
sexist,2
explain,2
preferred,2
marinucci,2
17,2
nicely,2
blew,2
â¡,2
debe,2
wi,2
wtf,2
ill,2
candidato,2
union,2
innocent,2
drugs,2
defeated,2
publicitando,2
raid,2
mujeres,2
ella,2
candidatos,2
thoughts,2
hacer,2
oculta,2
background,2
jornada,2
promette,2
losing,2
classiest,2
fucking,2
analyse,2
wahlniederlage,2
promises,2
stronger,2
nd,2
til,2
push,2
rob,2
leads,2
ver,2
advantage,2
impuesto,2
arcadio,2
angry,2
slush,2
spot,2
revealed,2
zicari,2
sa,2
pulled,2
profession,2
srsly,2
recap,2
nov,2
primo,2
cruciales,2
horas,2
encuestas,2
saving,2
voto,2
bookmaker,2
prospect,2
suspense,2
note,2
clintons,2
bets,2
interferir,2
vetted,2
matraquage,2
y'all,2
college,2
barring,2
fails,2
gente,2
anti,2
admin,2
scum,2
taking,2
engaged,2
worry,2
graham,2
drivel,2
mentally,2
theater,2
accountable,2
uhr,2
ck,2
baldwin,2
blow,2
versa,2
early,2
dare,2
miracle,2
endorsed,2
legal,2
biased,2
secondo,2
bild_la,2
favorito,2
wolf,2
os,2
racist,2
muy,2
featuring,2
daily,2
girlfriend,2
poop,2
overseas,2
chinese,2
tait,2
riots,2
tl,2
sound,2
fat,2
sont,2
celebrity,2
liars,2
idiots,2
past,2
enojo,2
stood,2
apologized,2
stand-up,2
glad,2
vp,2
beautiful,2
scam,2
silicon,2
ethics,2
refuse,2
mexican,2
ffs,2
smiling,2
stephen,2
might,2
bigger,2
repeating,2
tiresome,2
casillas,2
partiers,2
least,2
nominee,2
gov't,2
dernier,2
sunni,2
dump,2
dumb,2
sea,2
sei,2
electoral,2
burned,2
nope,2
clubbers,2
knowing,2
wouldn't,2
simple,2
pr,2
freenauts,2
sondages,2
gay,2
â€,2
politician,2
solid,2
tolerate,2
darse,2
proved,2
gringos,2
henchmen,2
try,2
analysis,2
listening,2
parents,2
pasar,2
showing,2
success,2
absolutely,2
backer,2
remembered,2
garbage,2
fast,2
spar,2
footage,2
um,2
professor,2
happens,2
problems,2
helping,2
meaning,2
utterly,2
problema,2
feud,2
2000,2
carla,2
odd,2
power,2
cell,2
dicen,2
talent,2
ctr,2
37,2
reds,2
belittling,2
laying,2
rich,2
high,2
tal,2
yuge,2
militarization,2
84,2
supports,2
allies,2
powerful,2
attack,2
speriamo,2
stomach,2
listo,2
orchestrated,2
interrogating,2
border,2
cubano,2
â“,2
veremos,2
hope,2
overall,2
bear,2
desperate,2
wird,2
nightmare,2
hits,2
invited,2
comment,2
ce,2
bbc,2
helped,2
perhaps,2
member,2
judgment,2
expand,2
soviet,2
dar,2
moments,2
accurate,2
vida,2
sky,2
nato,2
twitter,2
meteor,2
amendment,2
hair,2
choosing,2
lead,2
hurricane,2
puedo,2
foil,2
culmin,2
mejor,2
commentators,2
42,2
nuevamente,2
consider,2
mencionar,2
vainqueur,2
invade,2
york,2
ninety,2
cheating,2
asesores,2
calm,2
hurt,2
phone,2
remark--it,2
1996,2
refusing,2
interrompu,2
easier,2
donors,2
revelations,2
l'ultime,2
forgot,2
ro,2
starts,2
faceoff,2
oct,2
Ñ€,2
ğŸ™Œ,2
fondation,2
countries,2
pushed,2
decided,2
subject,2
blitzer,2
debt,2
questo,2
faces,2
iraq,2
quickly,2
confident,2
attacked,2
alega,2
high-up,2
ugly,2
slam,2
ximas,2
voice,2
madonna,2
entitled,2
independent,2
pick,2
bugiarda,2
quotes,2
previous,2
â™€,2
fundaci,2
night,2
asking,2
totale,2
knew,2
enunciate,2
permission,2
ppl,2
fight,2
Ñ‚,2
manufacturers,2
analyst,2
afectar,2
ruined,2
na,2
menos,2
primer,2
ganador,2
turns,2
o'keefe,2
monies,2
teacher,2
canadian,2
estratega,2
address,2
heard,2
speaks,2
benny,2
acts,2
offers,2
qualified,2
bullshit,2
fired,2
yeah,2
indocumentados,2
desbordar,2
advance,2
lindsey,2
sistema,2
corporations,2
silent,2
showdown,2
boyfriend,2
12,2
demagogo,2
pond,2
answering,2
sali,2
offen,2
pant,2
crime,2
sst,2
simplistic,2
cannot,2
outraged,2
post-debate,2
learn,2
Ã¶,2
bill's,2
senator,2
sleezeball,2
grants,2
soir,2
lucky,2
mano,2
he'll,2
death,2
tim,2
aborto,2
except,2
hinn,2
ï¼Œ,2
scientific,2
iconic,2
violence,2
ob,2
hey,2
valley,2
longer,2
af,2
spends,2
friggin,2
trash,2
gracias,2
failures,2
ğŸ˜²,2
reptiliana,2
executing,2
burattino,2
program,2
ğŸ™„,2
smh,2
worden,2
revelaci,2
version,2
eventuelle,2
frightens,2
promising,2
civilians,2
xico,2
tracking,2
takes,2
iraqi,2
Ã¬,2
influenced,2
scontro,2
punked,2
coming,2
performance,2
committed,2
23,2
you've,2
mental,2
they've,2
oil,2
aceptaria,2
belief,2
condemns,2
pompino,2
toward,2
suspicious,2
towards,2
quote,2
sets,2
charitable,2
assertion,2
fact--she,2
debat,2
probably,2
outfit,2
drunk,2
das,2
sweep,2
medios,2
raise,2
acceptance,2
danney_williams,2
pm,2
guide,2
migratorias,2
ab,2
organization,2
thats,2
ganando,2
move,2
presentado,2
contractor,2
matters,2
philandering,2
investigating,2
peo,2
forgets,2
dictates,2
article,2
proto-fascist,2
deserves,2
congressman,2
podesta,2
ğŸ˜–,2
atrap,2
votar,2
prez,2
z,2
divisive,2
nice,2
wrongly,2
gt,2
danney,2
mosul,2
seemed,2
mainstream,2
devance,2
bernie,2
pledge,2
confiada,2
zw,2
collins,2
shake,2
voy,2
panel,2
disingenuous,2
kaine's,2
burley,2
comedy,2
sin,2
interrupted,2
primero,2
whilst,2
tsk,2
2014,2
snake,2
covering,2
apoya,2
secretly,2
respecto,2
grow,2
bei,2
avant,2
defending,2
sabemos,2
absurd,2
latinos,2
staff,2
knowledge,2
means,2
ï¼,2
official,2
accused,2
pattern,2
horrible,2
empathy,2
otherwise,2
ad,2
yap,2
pic,2
disdain,2
divorce,2
choices,2
hahaha,2
examiner,2
vu,2
deber,2
hammering,2
arse,2
english,2
protecting,2
Ğ¼,2
loss,2
home,2
bienvenidos,2
leader,2
no-fly-zone,2
commitment,2
eine,2
termina,2
yrs,2
real-time,2
i've,2
blaming,2
hosting,2
tema,2
replica,2
education,2
49,2
fois,2
ramble,2
pide,1
four,1
protest,1
sleep,1
controversial,1
towns,1
increase,1
sweetest,1
aus,1
342,1
accepterar,1
regal,1
sorry,1
sway,1
sinking,1
grandchild's,1
letztes,1
school,1
ilegales,1
skills,1
esos,1
270,1
hide,1
saved,1
infilato,1
ğŸ’£,1
china,1
daughter,1
resto,1
smoke,1
tweet,1
tendr,1
moral,1
otra,1
cont,1
perdiste,1
type,1
holy,1
impuestos,1
ğŸŒ,1
yard,1
shoot,1
join,1
divorced,1
up2,1
mi,1
advocacy,1
hizo,1
experts,1
resumen,1
organized,1
caution,1
incrociamo,1
amarone,1
pityful,1
nuts,1
hot,1
bunu,1
truthful,1
l'emporte,1
beauty,1
bday,1
summarize,1
unborn,1
complacent,1
nuje,1
revolt,1
wint,1
goodbye,1
worst,1
amis,1
interpretation,1
nete,1
fix,1
imo,1
americano,1
derbez,1
versus,1
iowa,1
thei,1
break,1
ugliness,1
interrupt,1
advise,1
bank,1
rhetoric,1
alternately,1
dumps,1
wage,1
feeds,1
venue,1
250,000,1
message,1
whip,1
vota,1
werde,1
strategist,1
given,1
admits,1
nto,1
viewing,1
mvd,1
onto,1
bloomberg,1
brazile,1
servi,1
tool,1
leaking,1
crawl,1
character,1
begins,1
showed,1
ancora,1
hacking,1
bidder,1
rattle,1
upset,1
post-mortem,1
seem,1
spade,1
genuine,1
climate,1
who've,1
phonograph,1
kelly,1
letter,1
consumers,1
tech,1
bomb,1
attempts,1
sui,1
incoherently,1
lethal,1
wahl,1
bail,1
lessons,1
touches,1
reverser,1
bush,1
ğŸš·,1
sus,1
hrc,1
wearing,1
infames,1
venes,1
smug,1
steal,1
ghoul,1
hagan,1
distanced,1
swept,1
guerra,1
goodnight,1
08,1
gentleman,1
bien,1
credo,1
weak,1
suggested,1
protect,1
hypocrites,1
studio,1
com,1
narices,1
clowns,1
paternidad,1
durante,1
karen,1
claiming,1
fro,1
f'ed,1
tenemos,1
privilege,1
speeches,1
fest,1
spelled,1
l'ancienne,1
efficace,1
mater,1
launched,1
congratulation,1
recursos,1
cant,1
io,1
quand,1
couple,1
Ñ,1
spying,1
tyson,1
aka,1
scenario,1
suffering,1
qualities,1
corporate,1
protocol,1
judge,1
niggers,1
voglio,1
massively,1
justices,1
migliore,1
posed,1
ğŸƒ,1
vetting,1
51,1
55,1
festivities,1
attorney,1
crowd,1
ustedes,1
easy,1
prick,1
sondaggio,1
humor,1
corte,1
arguing,1
commento,1
uma,1
umm,1
ww3,1
corr,1
super,1
accepts,1
separa,1
lacked,1
primitive,1
trakcie,1
balanced,1
accordingly,1
pals,1
questionable,1
abysmal,1
inmigrantes,1
melania,1
congratulations,1
markets,1
inside,1
staged,1
fury,1
covers,1
ship,1
petition,1
ğŸ˜¡,1
dubya,1
dying,1
notesxzzzxzssss,1
commiting,1
billion,1
mme,1
together,1
chain,1
manager,1
father,1
copertura,1
aupr,1
Ğ·,1
1993,1
trouble,1
minute,1
dif,1
liveblog,1
faltara,1
quick,1
dir,1
comienza,1
ØŸ,1
jeopardy,1
current,1
boost,1
scripted,1
mouill,1
afirma,1
brilliant,1
influx,1
weigert,1
embarrassing,1
market,1
ook,1
behalf,1
gassy,1
vez,1
figure,1
inexplicably,1
agent,1
topic,1
surround,1
desmoronar,1
monitoring,1
outros,1
ammette,1
familias,1
ilemiyor,1
unbelievable,1
suck,1
johnson,1
q,1
miracles,1
c-info,1
pointed,1
displayed,1
necesitamos,1
dreading,1
felicia,1
likeability,1
bahhh,1
ovale,1
decades,1
emailed,1
toxic,1
devastates,1
term,1
amnist,1
desde,1
realise,1
em,1
torce,1
deplorables,1
canada,1
jackson,1
irony,1
presidencia,1
entitlements,1
leur,1
worthiness,1
carr,1
annnnnnnnnnnd,1
resultados,1
cartooning,1
figuurlijk,1
directly,1
mesa,1
checked,1
returns,1
fiery,1
williams,1
justicia,1
vote--and,1
attempt,1
13,1
lmal,1
diplomatic,1
chads,1
dissed,1
uyyyy,1
lowest,1
investors,1
anger,1
saw,1
veteran,1
deux,1
handing,1
altered,1
rationale,1
premi,1
shot,1
moderator,1
arnos,1
congressional,1
merkel,1
siempre,1
duel,1
gem,1
unidos,1
attitude,1
roger,1
buraya,1
pubblico,1
aboslutely,1
crooked,1
weapons,1
morales,1
justified,1
notice,1
mexicans,1
tacit,1
mocrate,1
couldn't,1
ante,1
custody,1
muttered,1
contrario,1
rebuild,1
informed,1
concede,1
shopping,1
pena,1
klans,1
waka,1
foreclosed,1
weeks,1
hillaryvstrump,1
haven't,1
editorial,1
shops,1
margin,1
unlikeable,1
blowjobs,1
bowl,1
speech,1
pazarl,1
struggling,1
thugs,1
disadvantaged,1
eventual,1
flocka,1
taxe,1
actions,1
shouts,1
kill,1
rivolto,1
captured,1
clueless,1
thinking,1
lets,1
verso,1
momentum,1
sums,1
ğŸˆ¹,1
dita,1
yuuuge,1
clan,1
towel,1
sanity,1
participa,1
derogue,1
exposes,1
racial,1
definir,1
exit,1
stone,1
central,1
operatives,1
outlook,1
snapchat,1
persecution,1
affondi,1
troll,1
stare,1
strictly,1
lot,1
decisive,1
violentos,1
sesi,1
gurney,1
hire,1
Ãµ,1
camp-why,1
mundo,1
nero,1
marito,1
drivers,1
narco,1
overwhelmingly,1
laptops,1
mente,1
life's,1
ladowa,1
messa,1
ğŸ’ƒ,1
messi,1
dollar,1
acusa,1
schifo,1
revenir,1
vulimme,1
awful,1
condition,1
dictatorship,1
large,1
small,1
isme,1
lawyer,1
nbc,1
politicizzato,1
sue,1
sum,1
menang,1
crush,1
iran,1
hours,1
affectionately,1
november,1
pilpres,1
inspired,1
conti,1
mommy,1
perso,1
gica,1
armed,1
composure,1
selon,1
poule,1
ğŸ›…,1
brutta,1
company,1
unhypnotize,1
flag,1
dislike,1
hour,1
smurf,1
grope,1
pushes,1
donating,1
awkward,1
lejos,1
explains,1
circuit,1
derived,1
patrocina,1
proclaimed,1
boarders,1
banks,1
unite,1
filters,1
forgiving,1
arrogant,1
digan,1
late,1
ğŸˆµ,1
bout,1
fines,1
ğŸ›ƒ,1
return,1
yo,1
yg,1
snowball,1
communities,1
stopped,1
permitidme,1
unravelling,1
ftw,1
robert,1
wwiii,1
misses,1
ass,1
Ñ,1
bash,1
anti-trumpers,1
expecting,1
unaware,1
progressives,1
concussion,1
mise,1
preservation,1
campain,1
menospreciar,1
merda,1
salvaron,1
mama,1
storm,1
tfw,1
rekor,1
noticias,1
appoggia,1
legt,1
monger,1
deportaci,1
motivation,1
voter-fraud,1
beforehand,1
meltdown,1
sell,1
invece,1
ğŸŒ«,1
entirety,1
lip,1
brace,1
kiss,1
apoyar,1
measured,1
ka,1
despise,1
aaaaand,1
stunner,1
relation,1
fina,1
impact,1
distributed,1
penalty,1
viagra,1
desplegar,1
freaks,1
bulaca,1
ottenere,1
filled,1
stump,1
throwing,1
movin,1
expert,1
wou,1
wom,1
initially,1
sold,1
usa-italia,1
negli,1
observer,1
colpi,1
alot,1
collection,1
acted,1
whatever,1
contrat,1
adresses,1
anti-establishment,1
ejerc,1
decidimos,1
referen,1
echte,1
deport,1
smart,1
behavior,1
fun,1
sombre,1
culpa,1
speranza,1
discourse,1
peggiore,1
conflict,1
ğŸ‘,1
moving,1
decency,1
deflects,1
gestures,1
savvy,1
inmigraci,1
useful,1
alternative,1
letting,1
unfriended,1
guaranteed,1
barack,1
grin,1
surprised,1
bil,1
stein,1
multi-tasking,1
unlimited,1
game,1
biz,1
bit,1
ignore,1
jibes,1
autres,1
clown,1
annually,1
rien,1
describing,1
commentator,1
s'enrichir,1
reacciones,1
br,1
clar,1
faite,1
drama,1
milyonlarca,1
inte,1
abusive,1
osama,1
moderating,1
primarily,1
delusional,1
baru,1
bolsters,1
ğŸ˜,1
single,1
ass-licker,1
cuento,1
muestra,1
politicians,1
ğŸ™,1
exp,1
evan,1
ago,1
youtube,1
rubbish,1
illustrated,1
contributions,1
debunking,1
verpasst,1
resources,1
sherbrooke,1
accusa,1
accuse,1
telling,1
threat,1
polling,1
abortion,1
atacar,1
pres,1
incidentally,1
paintings,1
remporte,1
tailleur,1
valresultat,1
suriyeli,1
addirittura,1
involves,1
wie,1
suprema,1
apr,1
app,1
private,1
ticking,1
oval,1
manipulate,1
theme,1
scariest,1
l'endorsement,1
om,1
sehen,1
corporaciones,1
penis,1
challenge,1
creepy,1
insista,1
rape,1
destroying,1
hampshire,1
medicare,1
establishment,1
fare,1
puppets,1
ğŸ‘‰,1
fatigue,1
heure,1
lines,1
honestly,1
colluded,1
oggi,1
ll,1
eua,1
ã±,1
outed,1
orange,1
2017,1
elites,1
dad,1
staat,1
slamming,1
documented,1
ilirsem,1
slide,1
yakalad,1
mas,1
democracia,1
tv-debatte,1
80,1
fb,1
rigging,1
lumineuse,1
ren,1
shut,1
release,1
completely,1
oblivion,1
ï¿½,1
florida,1
momentos,1
sack,1
whoop,1
ses,1
erkl,1
Å›,1
italia,1
doomed,1
valdr,1
closet,1
appealing,1
abolished,1
bet,1
villains,1
clip,1
1.8,1
falso,1
comprometerse,1
parlare,1
insistiendo,1
324,1
sucios,1
clash,1
request,1
ğŸ‘µ,1
chances,1
agreed,1
endeudar,1
noir,1
envi,1
communist,1
silah,1
ganar,1
gran,1
including,1
grab,1
accuses,1
nebilir,1
s'engager,1
closer,1
interview,1
mexicano,1
novembre,1
cross-stitch,1
ends,1
deliver,1
mediatica,1
masses,1
wall,1
laugh,1
narrowed,1
flourish,1
he'd,1
pagan,1
tiens,1
controlled,1
citize,1
essentially,1
ridden,1
tweets,1
deep,1
present,1
stunning,1
brainer,1
koreans,1
claps,1
unity,1
slammed,1
film,1
nada,1
supuesto,1
upon,1
sigue,1
student,1
underdog,1
publicain,1
domestic,1
unipolitica,1
skill,1
generous,1
googling,1
reasons,1
add,1
increases,1
community,1
press,1
swillblog,1
cittadinanza,1
scared,1
proper,1
pedofilia,1
doen,1
ese,1
eso,1
avoir,1
demonstrated,1
uhhhh,1
ripped,1
letterlijk,1
slur,1
dirige,1
although,1
choked,1
sister,1
actual,1
column,1
ribbed,1
angeles,1
documentary,1
equally,1
letters,1
obtener,1
promise,1
1984,1
buckle,1
pillen,1
hp,1
ultima,1
smooth,1
signed,1
limit,1
pin,1
dura,1
declaraciones,1
beats,1
girl,1
stitching,1
46,1
star,1
backstage,1
derrota,1
undemocratic,1
gatekeeper,1
limited,1
doubts,1
d'haiti,1
hanging,1
fiddling,1
auf,1
igual,1
striking,1
schpiel,1
aux,1
futuros,1
women's,1
peligrosa,1
trumpisms,1
wednesday,1
joke,1
ait,1
trapos,1
direct,1
asegurarnos,1
âœŠ,1
surrounding,1
street,1
cactus,1
wreck,1
miserably,1
shills,1
lgbt,1
nicht,1
pursuit,1
aftermath,1
ganfood,1
della,1
cravate,1
grandma,1
spoke,1
dumped,1
regulaciones,1
96,1
room,1
temas,1
ğŸŒ,1
indicates,1
ambos,1
cites,1
soros,1
parodia,1
ganamos,1
dovremo,1
ãŒ,1
law,1
peque,1
keeps,1
wiki-leaks,1
democratic,1
wut,1
pound,1
tandis,1
misconduct,1
mayor,1
cli,1
400,1
schmidt,1
Å‚,1
bankroll,1
â™¤,1
palmieri,1
crimes,1
haber,1
arrives,1
aids,1
trending,1
haben,1
cameras,1
tomorrow,1
sane,1
ğŸš¸,1
gop,1
verdadero,1
exposing,1
fersure,1
ritual,1
days,1
disrespected,1
comit,1
hilary,1
griff,1
feeding,1
rejects,1
Ø®,1
needed,1
observations,1
snags,1
sicuri,1
chairwoman,1
conceded,1
nominate,1
budget,1
este,1
mine,1
tells,1
tes,1
thoroughly,1
niece,1
fensive,1
committing,1
llamar,1
contain,1
dog,1
whomsoever,1
scream,1
pourraient,1
promete,1
mishandling,1
queen,1
ending,1
rector,1
nevada,1
meno,1
kali,1
endorsements,1
repugnant,1
children's,1
rkster,1
ears,1
habit,1
disturbing,1
eres,1
ambitions,1
usava,1
redacts,1
men,1
wears,1
smelled,1
dumber,1
however,1
wear,1
anti-trump,1
improve,1
received,1
ile,1
reported,1
fault,1
concentrar,1
argue,1
unm,1
nello,1
mitigation,1
marioneta,1
lespectateurs,1
air,1
natives,1
economics,1
ir,1
wheeled,1
id,1
zockerparadies,1
suggest,1
snivelling,1
justbe,1
blamed,1
kid,1
incredulity,1
thx,1
congrats,1
kyle,1
alma,1
construcci,1
left,1
opinions,1
she'll,1
opinione,1
yep,1
fared,1
shitty,1
prison,1
hey--you,1
ğŸ‘Œ,1
burns,1
apart,1
dignity,1
pkk'ye,1
50,1
informative,1
sebastian,1
ninguno,1
borto,1
born,1
intellect,1
enemies,1
normal,1
bold,1
matchup,1
planificada,1
lavar,1
ğŸ¤”,1
lieu,1
infidelity,1
git,1
sucede,1
happy,1
names,1
syndicate,1
removed,1
pre-debate,1
yordun,1
slo-mo,1
conservateurs,1
nephi,1
post-el,1
emotional,1
daddy,1
moderna,1
lleva,1
proves,1
believable,1
ni,1
marxist,1
faithful,1
tie,1
roll,1
purpleglassboutique,1
dirty-tricks,1
brothers,1
pronounced,1
surprise,1
welcome,1
update,1
fell,1
tropas,1
ğŸ‘,1
cheated,1
concordo,1
lowdown,1
diplomacy,1
skip,1
excellent,1
ernesto,1
sekaligus,1
ğŸ˜”,1
skin,1
essentials,1
stabilizing,1
persona,1
stays,1
level,1
gun,1
standards,1
settle,1
usdmxn,1
aperti,1
bravo,1
sign,1
corner,1
revista,1
ğŸ’¨,1
taxing,1
supporter,1
pessimo,1
reply,1
igualdad,1
refused,1
moet,1
iyile,1
crisis,1
telesur,1
troops,1
positive,1
scopi,1
memory,1
donnant,1
drown,1
incited,1
car,1
pretend,1
valores,1
overheard,1
arrivi,1
lgeyi,1
citizens,1
mirrors,1
fuck,1
delle,1
debt-free,1
ladin'i,1
begi,1
nommerait,1
endorsement,1
map,1
huge,1
disgusted,1
birthday,1
designed,1
destructive,1
surfing,1
kanye,1
blocked,1
breitbar,1
Ğ´,1
mail,1
bipartisan,1
killer,1
investigated,1
records,1
name,1
drop,1
butthole-mouth-wince-face,1
summary,1
living,1
sessuali,1
shouldn't,1
yapaca,1
attended,1
tienen,1
verificaci,1
brasil,1
fa,1
transition,1
profese,1
view,1
revenue,1
bribe,1
ğŸŒ,1
politieke,1
city,1
comparto,1
terrifying,1
subpoenas,1
butt,1
favors,1
suriye,1
effers,1
futuro,1
damned,1
voices,1
mates,1
buried,1
ans,1
sar,1
sat,1
estamos,1
destroy,1
opposite,1
revolving,1
ndrome,1
insanity,1
queens,1
especially,1
rsquo,1
mrs,1
Ã²,1
rating,1
mashable,1
hack,1
interruptions,1
battent,1
estos,1
pivots,1
deseo,1
jazz,1
nearly,1
morning,1
stupid,1
seat,1
unfit,1
sean,1
stanley,1
sport,1
wonder,1
leaning,1
farmers,1
rochela,1
killing,1
escupio,1
pahal,1
tous,1
deported,1
afterwards,1
distancia,1
period,1
ptal,1
67,1
saudis,1
kayagnya,1
gesty,1
suspected,1
cash,1
cast,1
parecen,1
corporatist,1
situation,1
landslide,1
punches,1
blasts,1
fame,1
sucking,1
rooting,1
econom,1
arguments,1
events,1
jodido,1
drives,1
persons,1
weer,1
finalmente,1
costs,1
charged,1
affair,1
debole,1
aborte,1
volvi,1
tirilme,1
groped,1
hoopla,1
highness,1
confini,1
accepter,1
envir,1
accepted,1
ruled,1
endorses,1
edece,1
juges,1
served,1
cabo,1
babbling,1
nlar,1
provided,1
mood,1
confirm,1
highest,1
conservative,1
deserve,1
olvidamos,1
sniffs,1
terrified,1
rodham,1
act,1
op,1
deutlichen,1
wade,1
legacy,1
Ğ²,1
complete,1
gibi,1
carrierism,1
gore,1
temperaments,1
difficolt,1
regimes,1
politico,1
ah,1
moves,1
sorge,1
credibility,1
more--so,1
stumbles,1
sucked,1
brash,1
bleachbit,1
redux,1
lisis,1
carpet,1
habla,1
apartment,1
victoire,1
activities,1
returning,1
votaciones,1
fall,1
sans,1
sang,1
supplement,1
pasa,1
tea,1
deportar,1
pass,1
argumentos,1
warmonger,1
quicken,1
disruptions,1
vamos,1
leiders,1
smartest,1
harridan,1
substance,1
prior,1
pathological,1
megyn,1
cowardly,1
extinction,1
feccia,1
comparing,1
possible,1
flat,1
comenzado,1
stolen,1
one-sided,1
hillary--mrs,1
sacar,1
challenging,1
stated,1
humbres,1
numbers,1
phrase,1
disliked,1
conspiracy,1
axis,1
5.7,1
comfort,1
rapport,1
wishy,1
reject,1
disgraced,1
idiocy,1
rogerjstonejr,1
aporte,1
fm,1
short,1
brady,1
medio,1
bashing,1
reputation,1
pleasure,1
paper,1
soldados,1
gelirliler,1
vorab,1
groping,1
seeking,1
embezzler,1
yr,1
instructions,1
erection,1
unwittingly,1
porte,1
micro,1
s-d,1
weighs,1
idea,1
expect,1
stands,1
surrogate,1
trusti,1
rudan,1
sagittal,1
bubba,1
tiring,1
drink,1
commits,1
gut,1
hizmeti,1
forcefully,1
definition,1
misogyny,1
woman's,1
round,1
nosotros,1
anerkennung,1
number,1
dint,1
fees,1
fiction,1
donn,1
â€¢,1
contra,1
wonderful,1
contre,1
Ğº,1
banana,1
headache,1
option,1
hotel,1
inventing,1
shld,1
king,1
sta,1
illegals,1
cost,1
supposed,1
attention,1
zu,1
nights,1
built,1
lic,1
patho,1
hired,1
interrupting,1
information,1
mondale,1
humanitarian,1
tpp,1
justify,1
dodging,1
crackpot,1
fond,1
felon,1
defender,1
sayin,1
media's,1
factor,1
discuss,1
african-americans,1
compass,1
tanked,1
activity,1
intelligence,1
defense,1
islamici,1
cercando,1
movie,1
avoidance,1
univision,1
creating,1
missing,1
sole,1
roe,1
distorters,1
barely,1
superfund,1
sweet,1
wen,1
exhibieron,1
dua,1
due,1
threaten,1
blanc,1
stoopid,1
blurting,1
trump-clinton,1
demand,1
what'd,1
every-time,1
kissing,1
pack,1
exclude,1
ğŸš‚,1
leaving,1
ric,1
parroting,1
belong,1
firearms,1
scientifiques,1
used,1
alert,1
once-vaunted,1
haga,1
venli,1
washys,1
adesso,1
spent,1
spend,1
declina,1
maddona,1
reviewed,1
nuestro,1
cut,1
providing,1
cup,1
hated,1
pro-carbon,1
cinc,1
remaining,1
ÑŒ,1
gordita,1
skeptical,1
donne,1
donna,1
guerrafondaia,1
privately,1
ğŸš€,1
apply,1
âš ,1
affects,1
kad,1
laughing,1
queremos,1
ba,1
bc,1
nelle,1
bk,1
nowhere,1
bs,1
fec,1
slams,1
exaggerates,1
seeing,1
geri,1
commanding,1
drain,1
terroristi,1
risk,1
muro,1
tragedies,1
geschlagen,1
poster,1
cretins,1
posted,1
caller,1
ur,1
growth,1
devastating,1
stick,1
circo,1
codes,1
peace,1
backs,1
nico,1
worten,1
scandals,1
temperament,1
blinks,1
gd,1
gana,1
gane,1
tweeted,1
asylee,1
becau,1
suite,1
rag,1
random,1
wave,1
wipe,1
entire,1
watered,1
damning,1
race,1
dealt,1
smaller,1
noise,1
click,1
poke,1
kudos,1
man's,1
filings,1
siguen,1
luis,1
involved,1
larger,1
36,1
suggests,1
weren't,1
ofrecer,1
ğŸ˜Š,1
wir,1
scandal,1
cha,1
camera,1
triest,1
journalists,1
econ,1
trail,1
train,1
announce,1
mitsubishi,1
balls,1
longhared,1
meet,1
alis,1
proof,1
effectively,1
radicalized,1
united,1
meilleur,1
brian,1
km2,1
falta,1
abuse,1
taco,1
ambiguous,1
direttore,1
light,1
classe,1
healthcare,1
ğŸ¾,1
holds,1
produces,1
acompa,1
bunch,1
li,1
firmly,1
2012,1
rusya,1
greater,1
ğŸ†,1
spell,1
dak,1
mention,1
importante,1
puckered,1
mode,1
flair,1
met,1
gary,1
amerika,1
apoyo,1
85,1
matrix,1
bag,1
hyuge,1
mate,1
hilarious,1
one's,1
torres,1
l'apr,1
jill,1
conservatives,1
wahlergebnis,1
scary,1
Ã¼,1
jesus,1
bitch,1
poco,1
hiding,1
ğŸ˜,1
assure,1
matrimonio,1
lifetimes,1
perfectly,1
contestation,1
somethin,1
loved,1
warfare,1
barb,1
burley's,1
visited,1
comparaison,1
beck,1
sen,1
cetak,1
mil,1
min,1
w8,1
third-world,1
mechanical,1
debaty,1
answered,1
rouge,1
recesi,1
pause,1
debacles,1
hyprocrite,1
hall,1
stijf,1
ventuelle,1
ones,1
legitimate,1
endless,1
putin's,1
sha,1
ohio,1
filleted,1
accuser,1
edilmeli,1
immigrant,1
baster,1
dramatique,1
placed,1
bought,1
exam,1
hilary's,1
agencies,1
interfere,1
joe,1
approval,1
wh,1
hambres,1
david,1
trumpa,1
etc,1
busted,1
invites,1
relevant,1
outlander,1
shoving,1
walk,1
keine,1
quit,1
winnipeg,1
certain,1
electing,1
killed,1
finishes,1
hmm,1
fellow,1
hemisphere-wide,1
vi,1
walks,1
site,1
nafta,1
scotus,1
capture,1
terrorist,1
parte,1
parti,1
cross,1
strange,1
reporting,1
effect,1
destruction,1
asked,1
wealthy,1
dose,1
papel,1
femme,1
web,1
ads,1
quiera,1
citizen,1
boom,1
nvr,1
historia,1
tico,1
sagen,1
tica,1
metiendo,1
thiel,1
cleveland,1
fiasco,1
peter,1
literally,1
pressure,1
petty,1
nominete,1
freedom,1
surge,1
sweat,1
software,1
glenn,1
pussy,1
nerves,1
disgracefully,1
artists,1
platicamos,1
touted,1
9.3,1
ho,1
drops,1
habitantes,1
ğŸ‘²,1
hand,1
unamerican,1
instead,1
deaths,1
inadequate,1
penny,1
ini,1
bugiardo,1
eric,1
jesse,1
compared,1
47,1
45,1
book,1
illusion,1
betrays,1
waves,1
respects,1
entertainment,1
intentionally,1
cartel,1
rebuilding,1
