â€¦,1118
amp,613
trump,429
debate,371
vote,305
tonight,281
hillary,260
2,239
like,222
â€™,210
clinton,185
donald,180
one,171
get,161
don't,159
it's,155
time,154
campaign,153
4,150
us,147
election,147
people,144
win,143
watch,139
think,139
know,135
would,134
supporters,134
he's,134
going,134
media,127
via,126
go,123
make,122
say,120
i'm,118
women,118
see,115
can't,111
america,108
last,104
good,104
new,102
presidential,101
right,101
want,98
says,97
president,97
great,96
1,96
ğŸ‡¸,94
ğŸ‡º,94
obama,94
could,93
3,88
said,88
doesn't,86
even,85
need,84
never,84
rigged,82
tonight's,80
bill,79
every,78
poll,78
take,77
many,77
got,76
ğŸ˜‚,75
live,74
news,72
way,71
much,71
Ãº,71
voting,69
â€œ,69
â€,68
needs,68
ready,66
show,66
back,66
support,64
vs,63
hope,62
well,62
wait,62
watching,62
rallies,62
Â ,62
that's,62
video,61
country,60
polls,60
really,60
voters,60
look,59
let's,58
won't,58
another,57
still,56
rally,56
wants,55
man,55
big,55
voter,54
gt,54
fraud,53
love,52
must,52
first,52
you're,52
stop,51
best,51
please,51
violence,51
getting,51
believe,51
thing,50
help,50
8,50
Ã¡,49
nothing,49
wall,49
wins,49
makes,48
give,48
actually,48
guest,48
american,47
keep,47
remember,47
bring,47
true,46
talk,46
vegas,46
brother,46
change,45
sexual,45
saying,45
sure,45
mark,45
may,44
policy,44
guests,44
always,44
night,44
2016,44
better,43
tv,43
let,43
use,43
things,43
gop,43
today,42
candidate,41
cuban,41
real,41
times,41
wrong,40
ever,40
ï¸,40
put,40
questions,40
bad,40
breaking,40
lol,39
emails,39
day,39
supporter,39
try,38
shows,38
10,38
future,38
little,37
williams,37
come,37
issues,37
hear,37
mr,37
knows,37
next,37
something,37
anyone,36
white,36
paid,36
stupid,36
wikileaks,36
thinks,36
trying,36
she's,36
world,36
made,36
behind,35
read,35
business,35
isn't,35
cnn,35
years,35
money,35
woman,35
americans,34
chance,34
lies,34
plan,34
party,34
hrc,33
yes,33
family,33
political,33
state,33
work,33
war,33
calling,33
thank,33
th,32
i'll,32
7,32
Ã©,32
yet,32
care,32
destroy,32
lose,32
rd,31
Ã­,31
didn't,31
corrupt,31
interview,31
talking,31
ppl,31
everyone,31
oh,31
ahead,30
run,30
fact,30
smart,30
half,30
trump's,30
looks,30
top,29
gonna,29
free,29
anything,29
stay,29
lie,29
means,29
home,29
mind,28
lot,28
ask,28
9,28
red,28
lead,28
tell,28
already,28
everything,28
ur,28
hotel,28
since,28
corruption,28
winning,28
ltimo,27
call,27
looking,27
assault,27
invited,27
problem,27
god,27
â€˜,27
check,27
making,27
stand,27
start,27
house,27
find,27
used,27
called,27
pay,27
away,26
guy,26
supports,26
reason,26
running,26
wouldn't,26
team,26
russia,26
side,26
danney,26
maybe,26
latest,26
hate,25
black,25
facts,25
fox,25
rudy,25
anti,25
november,25
thought,25
ivanka,25
wow,25
truth,25
press,25
told,25
mean,25
thanks,25
wonder,25
signs,25
someone,25
funny,25
malik,25
debates,25
word,24
game,24
old,24
caught,24
ğŸ»,24
racist,24
usa,24
men,24
re,24
claims,24
trust,24
luck,24
palin,24
votes,23
bringing,23
lying,23
sorry,23
enough,23
5,23
states,23
done,23
twitter,23
ok,23
job,23
tax,23
i'd,23
using,23
name,23
agree,23
two,23
bully,23
won,23
probably,23
else,23
claim,23
i've,23
â€¼,23
pretty,22
crazy,22
trucks,22
matter,22
coming,22
low,22
putin,22
also,22
instead,22
less,22
office,21
national,21
borders,21
chris,21
pol,21
potus,21
high,21
front,21
clinton's,21
attack,21
seen,21
elections,21
round,21
bias,21
gone,21
hey,21
hell,21
hard,21
either,21
bc,21
race,21
taco,21
point,21
est,21
protest,20
100,20
half-brother,20
shit,20
issue,20
words,20
videos,20
accurate,20
sick,20
criminal,20
who's,20
victory,20
asking,20
ticos,20
nice,20
history,20
face,20
foreign,20
republican,20
presidency,19
dnc,19
third,19
pence,19
im,19
goes,19
wallace,19
nov,19
question,19
pro,19
saw,19
daily,19
biased,19
liar,19
victims,19
hillary's,19
join,19
giuliani,19
response,19
left,19
st,19
obama's,19
sad,19
dem,19
turn,19
set,19
retweet,19
sarah,18
life,18
evil,18
lied,18
head,18
Ã³,18
understand,18
allegations,18
seems,18
guess,18
speaking,18
case,18
what's,18
msm,18
control,18
almost,18
there's,18
listen,18
points,18
kids,18
million,18
especially,18
republicans,18
announcement,18
dems,18
john,18
die,18
hired,18
millions,18
we're,18
ad,18
realize,18
yrs,18
politics,18
year,18
enjoy,17
lost,17
dear,17
role,17
leave,17
along,17
sicos,17
accusations,17
here's,17
11,17
speech,17
feel,17
actions,17
long,17
line,17
might,17
loves,17
bet,17
sica,17
days,17
order,17
speak,17
room,17
economy,17
yeah,17
actos,17
they're,17
event,17
part,17
important,17
person,17
illegal,17
hamas,17
reporting,17
30,17
hartos,17
hands,17
bitch,17
democrats,17
nuclear,17
Ã¨,17
sued,17
message,16
eyes,16
fair,16
showing,16
beat,16
â”³,16
crooked,16
paying,16
thinking,16
calls,16
hours,16
major,16
play,16
whole,16
drinking,16
loser,16
lt,16
completely,16
â€“,16
â”»,16
law,16
democratic,16
whining,16
network,16
starts,16
tells,16
16,16
gives,16
around,16
imagine,16
build,16
proof,16
busy,16
2012,16
proud,16
hide,15
personal,15
ğŸ‘,15
ğŸ’¥,15
13,15
human,15
comments,15
losing,15
finally,15
end,15
pre,15
jobs,15
comes,15
wake,15
list,15
thugs,15
taxes,15
omg,15
group,15
brings,15
hold,15
keeps,15
camp,15
he'll,15
reality,15
aren't,15
choice,15
supporting,15
heard,15
exposed,15
forget,15
follow,15
full,15
sense,15
found,15
continue,15
song,15
sir,15
invites,15
place,14
friend,14
lots,14
clintons,14
seriously,14
open,14
girl,14
blame,14
disrupt,14
wasn't,14
far,14
ass,14
fans,14
disavow,14
forward,14
moment,14
dad,14
benghazi,14
false,14
leads,14
brand,14
surprise,14
took,14
responsible,14
wear,14
gets,14
serious,14
global,14
fake,14
internet,14
former,14
movement,14
you've,14
cut,14
podesta,14
move,14
become,14
19,13
depends,13
easy,13
test,13
fbi,13
term,13
15,13
worry,13
congress,13
decide,13
hour,13
putting,13
waiting,13
secret,13
behavior,13
explain,13
perfect,13
bat,13
cause,13
powerful,13
ğŸ‘‡,13
hit,13
friends,13
record,13
conspiracy,13
mother,13
fight,13
evidence,13
others,13
happened,13
discuss,13
et,13
cannot,13
reading,13
sit,13
landslide,13
eminem,13
deserve,13
strong,13
â¤,13
predator,13
ğŸ’„,13
idea,13
tonite,13
ğŸ‘€,13
grand,13
surrogates,13
immigration,13
meet,13
accusers,13
system,13
class,13
george,13
â€”,13
danny,13
literally,13
strategy,13
hand,13
folks,12
abt,12
security,12
fear,12
working,12
creamer,12
destroyed,12
taking,12
kill,12
idiot,12
action,12
rather,12
20,12
pray,12
attacks,12
leaked,12
private,12
link,12
politicians,12
ago,12
button,12
rape,12
democracy,12
allow,12
you'll,12
grab,12
limits,12
inviting,12
happens,12
minutes,12
lives,12
rise,12
crimes,12
surrogate,12
swamp,12
asked,12
pre-debate,12
mad,12
ğŸ¼,12
interesting,12
sexually,12
elected,12
complete,12
takes,12
possible,12
plans,12
trade,12
assaulted,12
loses,12
bs,12
social,12
stakes,12
o'keefe,12
respect,12
boss,12
45,12
dangerous,12
bro,11
scarier,11
break,11
returns,11
mouth,11
report,11
families,11
hates,11
govt,11
ğŸ’©,11
conference,11
policies,11
totally,11
candidates,11
violent,11
guys,11
het,11
poop,11
happen,11
worst,11
zero,11
taken,11
company,11
advice,11
story,11
create,11
anymore,11
barack,11
surprised,11
b4,11
apparently,11
single,11
2008,11
polling,11
least,11
operative,11
dumb,11
jail,11
defend,11
total,11
longer,11
endorsement,11
primary,11
guns,11
panel,11
staff,11
prez,11
james,11
america's,11
12,11
events,11
drain,11
wife,11
6,11
entire,11
drink,11
sex,11
movie,11
defeat,11
earth,11
visited,11
ailes,11
finger,11
shame,11
carter,11
leader,11
stage,11
pussy,11
tweet,10
daughter,10
nite,10
release,10
steal,10
deal,10
brought,10
crowd,10
track,10
ğŸ˜¡,10
ğŸ‘,10
push,10
father,10
ğŸŒ¹,10
angry,10
alex,10
spot,10
college,10
dream,10
different,10
model,10
health,10
past,10
israel,10
pawns,10
accept,10
haven't,10
ğŸ’ƒ,10
feed,10
defends,10
clear,10
preparation,10
bots,10
mom,10
russian,10
ğŸ˜,10
problems,10
outside,10
ryan,10
power,10
obvious,10
washington,10
orange,10
tries,10
able,10
tape,10
Ø§,10
ballot,10
nt,10
voted,10
joke,10
excited,10
series,10
tried,10
exactly,10
wh,10
months,10
disgusting,10
brown,10
insider,10
prep,10
views,10
massive,10
argument,10
though,10
oliver,10
douchebag,10
laughing,10
leading,10
ğŸ€,10
without,10
slams,10
az,10
les,10
doubt,10
hilary,10
ğŸ‘ ,10
f------g,10
disaster,10
stuff,10
illegals,10
etc,10
walk,10
book,10
ğŸ‘œ,10
loss,10
freedom,10
gain,10
worse,10
reagan,9
elect,9
likely,9
seem,9
blonde,9
catch,9
tune,9
dead,9
pls,9
super,9
tonights,9
melania,9
promises,9
liberal,9
quick,9
ğŸ½,9
market,9
awesome,9
topic,9
mess,9
discussing,9
share,9
couldn't,9
lets,9
au,9
scared,9
podium,9
pointing,9
riots,9
ain't,9
glad,9
none,9
24,9
late,9
terrorism,9
kind,9
feels,9
politician,9
backing,9
kelly,9
ğŸš«,9
bit,9
sounds,9
michael,9
2013,9
attend,9
rigging,9
unless,9
unbelievable,9
based,9
including,9
comment,9
fucking,9
film,9
reasons,9
special,9
quite,9
90,9
soros,9
schemes,9
gave,9
assange,9
obviously,9
forced,9
megyn,9
happy,9
offer,9
changed,9
billionaire,9
boo,9
boycott,9
three,9
allowed,9
shouldn't,9
warning,9
invite,9
hack,9
finish,9
act,9
alleged,9
dirty,9
children,9
fall,9
difference,9
huge,9
demand,9
petertownsend,9
pm,9
hoping,9
cuz,9
refused,9
whitehouse,9
chicago,9
thats,9
save,9
majority,9
ğŸ™ˆ,9
mention,9
nobody,9
winner,9
wish,9
bunch,9
sniff,9
terrorist,9
nation,9
we'll,8
brexit,8
fix,8
given,8
small,8
today's,8
service,8
came,8
bar,8
tank,8
judge,8
victim,8
absolutely,8
mahna,8
holding,8
together,8
cheat,8
trouble,8
afford,8
ibd,8
bannon,8
christian,8
roger,8
âš¡,8
ring,8
walking,8
ğŸ˜§,8
incite,8
weeks,8
food,8
mentally,8
tower,8
losers,8
jones,8
games,8
coverage,8
building,8
mass,8
known,8
remain,8
okay,8
week,8
pathetic,8
nominee,8
fun,8
ğŸ”«,8
weird,8
cruz,8
step,8
crowds,8
silence,8
pres,8
cohesive,8
fascist,8
dislike,8
protect,8
ğŸ˜“,8
staying,8
clown,8
suppressing,8
actual,8
40,8
Ù„,8
leaders,8
tired,8
direct,8
across,8
badly,8
vicious,8
foundation,8
presidencial,8
rick,8
wanted,8
attacked,8
air,8
prison,8
constitution,8
born,8
rant,8
emotional,8
ny,8
roll,8
welcome,8
prove,8
pumpkin,8
typical,8
square,8
ğŸš¨,8
death,8
except,8
endorses,8
fully,8
conservative,8
quit,8
appears,8
happening,8
trash,8
public,8
learn,8
numbers,8
playing,8
groping,8
yr,8
supposed,8
debat,8
due,8
involved,8
guide,8
camera,8
center,8
70,8
islam,8
stick,8
continues,8
birther,8
warned,8
defending,8
hi,8
tercer,8
cuts,8
favor,8
waste,8
effect,8
usual,8
detail,8
details,8
1000,8
spin,7
342,7
solid,7
deplorable,7
âœ…,7
type,7
successful,7
haha,7
machine,7
admits,7
nigel,7
project,7
bait,7
radio,7
fail,7
wtf,7
clowns,7
background,7
manager,7
battle,7
retweeted,7
pulled,7
answer,7
fast,7
Â¿,7
moderator,7
betting,7
useful,7
mexicans,7
dictator,7
newspaper,7
followers,7
rest,7
bless,7
und,7
horror,7
steve,7
liars,7
iran,7
speeches,7
creepy,7
sent,7
loud,7
sell,7
clean,7
livestream,7
gold,7
ruin,7
workers,7
nope,7
collaborators,7
legit,7
letting,7
senate,7
admitted,7
hair,7
concerned,7
send,7
facebook,7
giving,7
rich,7
started,7
baby,7
shut,7
quo,7
bother,7
ğŸ˜‰,7
available,7
accuses,7
drug,7
admit,7
co,7
he'd,7
unforgivables,7
1980,7
website,7
rule,7
auf,7
theories,7
independent,7
gov,7
18,7
mud,7
planned,7
she'll,7
photo,7
hearing,7
propaganda,7
faces,7
tie,7
level,7
ğŸ’¨,7
ÙŠ,7
believes,7
offers,7
billy,7
agitators,7
fired,7
screw,7
cars,7
officials,7
silent,7
piece,7
san,7
killing,7
insurance,7
month,7
Ã ,7
pick,7
station,7
soon,7
cool,7
groped,7
predators,7
short,7
dont,7
christichat,7
failed,7
defense,7
revolution,7
circus,7
marco,7
economic,7
epic,7
faith,7
seeing,7
democrat,7
definitely,7
karma,7
expect,7
predicted,7
fuck,7
drops,7
ğ—²,7
setting,7
personally,7
buy,7
skittles,7
brain,7
view,7
killed,7
abandoned,7
failures,7
government,7
protesters,7
bigotry,7
pa,7
eat,7
pig,7
vile,6
china,6
reports,6
sample,6
meltdown,6
cant,6
europe,6
rhetoric,6
ğŸ”¥,6
headline,6
bush,6
wearing,6
deny,6
respond,6
hitler,6
publicly,6
near,6
character,6
beast,6
nrcc,6
upset,6
til,6
assume,6
â€¯,6
shot,6
deplorables,6
box,6
wanna,6
truck,6
sues,6
raised,6
police,6
non,6
vision,6
directly,6
shocked,6
weapons,6
ğ˜,6
Â·,6
force,6
somebody,6
ship,6
charges,6
blow,6
blog,6
smell,6
endorsing,6
stops,6
prepare,6
energy,6
planeta,6
file,6
odds,6
decisions,6
they'll,6
undecided,6
ğŸ‘ƒ,6
certainly,6
vid,6
career,6
Â¡,6
grabbing,6
par,6
bout,6
ceo,6
robert,6
acting,6
expecting,6
threat,6
statement,6
trolls,6
self,6
idiots,6
license,6
wld,6
anti-israel,6
straight,6
ignore,6
popular,6
sue,6
actors,6
ignorant,6
following,6
products,6
fan,6
ğŸ‘‰,6
tied,6
backers,6
intelligent,6
sniffing,6
idiotic,6
mic,6
00,6
convinced,6
handle,6
mike,6
tweets,6
bullying,6
paul,6
whatever,6
miami,6
alive,6
host,6
female,6
star,6
york,6
opponents,6
world's,6
leaks,6
preview,6
rig,6
Ã¼,6
ultimate,6
abuse,6
needed,6
feeling,6
convenient,6
dog,6
executive,6
collusion,6
children's,6
urges,6
voice,6
played,6
economics,6
fairly,6
photographer,6
knock,6
beating,6
criminals,6
herpes,6
differences,6
failure,6
row,6
rights,6
endorse,6
muslim,6
address,6
hated,6
thru,6
confused,6
delgado,6
smarter,6
er,6
advance,6
tomorrow,6
speaks,6
showdown,6
released,6
opposite,6
phil,6
misconduct,6
negative,6
suggest,6
jokes,6
advised,6
senator,6
proves,6
promising,6
nose,6
Â´,6
throw,6
stations,6
shock,6
certain,6
watched,6
mentions,6
alcohol,6
afraid,6
hmmm,6
pass,6
deeply,6
loose,6
male,6
rapists,6
arizona,6
23,6
alec,6
beyond,6
perry,6
missed,6
misogyny,6
terrible,6
number,6
selling,6
sign,6
double,6
quote,6
stands,6
activists,6
close,6
pull,6
despite,6
ğŸ‘Š,6
spend,6
networks,6
praying,6
mins,6
matters,6
phone,6
religion,6
veritas,6
nonsense,6
risk,6
backs,6
lashing,6
twice,6
opinion,6
becomes,6
balls,6
anywhere,6
united,6
stock,6
houston,6
warren,6
scotus,6
society,6
hilarious,6
scary,6
conversation,6
manipulation,6
exclusive,6
supported,6
earned,6
progress,6
equal,6
bernie,6
antonio,6
gun,6
arrest,6
page,6
accused,6
talks,5
second,5
machines,5
quran,5
enfrentan,5
ğŸ™,5
punching,5
ltima,5
overlooked,5
mo,5
sickening,5
fit,5
wage,5
went,5
financial,5
heckle,5
girls,5
silly,5
sees,5
ran,5
grave,5
sexist,5
nasty,5
17,5
answers,5
tough,5
asks,5
union,5
bothers,5
kallstrom,5
visit,5
employees,5
ğŸ¤“,5
conf,5
border,5
blames,5
hang,5
corporate,5
breaks,5
post,5
zur,5
plus,5
guilty,5
becoming,5
isis,5
proven,5
kenyan,5
op-ed,5
um,5
ver,5
advantage,5
der,5
evangelicals,5
bob,5
merely,5
approach,5
effort,5
discussion,5
date,5
celebrate,5
british,5
mostly,5
pro-hillary,5
turned,5
begin,5
remarks,5
wynn,5
hopes,5
disabled,5
husband,5
notice,5
spark,5
ğ—»,5
nh,5
director,5
nd,5
republic,5
lady,5
60,5
endorsed,5
road,5
image,5
moved,5
poor,5
legal,5
donated,5
sound,5
assaults,5
scum,5
whine,5
door,5
sucks,5
correctness,5
breitbart,5
pepe,5
fool,5
britain,5
blacks,5
members,5
wages,5
heads,5
threatening,5
pump,5
marriage,5
treated,5
dernier,5
cover,5
banned,5
dump,5
threats,5
baldwin,5
fire,5
audience,5
contradiction,5
rid,5
daughters,5
early,5
lower,5
provoking,5
anne,5
hatred,5
helping,5
helped,5
baseball,5
rotten,5
commercial,5
crap,5
cucks,5
chosen,5
kiss,5
surely,5
explanation,5
johnson,5
orchestrated,5
where's,5
electoral,5
neither,5
lawsuit,5
chinese,5
unfold,5
bbc,5
suivez,5
finished,5
deep,5
utah,5
journalism,5
simply,5
refugees,5
hot,5
em,5
biggest,5
claiming,5
kinda,5
whose,5
worth,5
provided,5
marching,5
lgbt,5
credit,5
military,5
insult,5
example,5
ones,5
damage,5
bullies,5
season,5
hypocrisy,5
often,5
fitness,5
train,5
saturday,5
charlie,5
advising,5
citizens,5
outcome,5
nevada,5
ğŸ˜„,5
da,5
cousin,5
debt,5
logic,5
ugly,5
vulgar,5
opinions,5
yep,5
remind,5
bottom,5
stuck,5
joseph,5
morning,5
inclusive,5
prayer,5
interested,5
update,5
Ùˆ,5
elizabeth,5
prediction,5
burn,5
ğŸ’œ,5
extra,5
incited,5
car,5
dropped,5
nyc,5
islamic,5
course,5
shake,5
platform,5
ed,5
living,5
27,5
ğ—¶,5
excellent,5
ridiculous,5
butt,5
lmao,5
unsubstantiated,5
knew,5
elecci,5
artist,5
reveals,5
declares,5
streaming,5
planes,5
recall,5
mob,5
period,5
mccain,5
cash,5
situation,5
ğŸ˜˜,5
cartoon,5
kasich,5
easily,5
substance,5
highest,5
island,5
ğŸ“¼,5
Ù†,5
pushing,5
forgot,5
kenyan-born,5
helps,5
excuse,5
minimum,5
desperation,5
sandwich,5
calm,5
they've,5
â€¢,5
orders,5
felon,5
nervous,5
enemy,5
2.0,5
donate,5
headed,5
sweet,5
kissing,5
weren't,5
yesterday,5
recent,5
danger,5
complains,5
google,5
creation,5
curious,5
Øª,5
wealth,5
jimmy,5
suit,5
properly,5
filed,5
poisoning,5
peace,5
disrupting,5
international,5
hello,5
results,5
young,5
positions,5
heckled,5
lee,5
punch,5
hiding,5
light,5
met,5
87,5
activist,5
advisor,5
megan,5
clearly,5
bus,5
latino,5
piss,5
accuser,5
immigrant,5
responses,5
however,5
willing,5
finale,5
hmm,5
fellow,5
hahaha,5
chants,5
destruction,5
ads,5
growth,5
bogus,5
hats,4
sleep,4
integrity,4
digit,4
payroll,4
dna,4
organized,4
provide,4
amazing,4
strategists,4
aliens,4
ğŸ·,4
hip,4
school,4
written,4
refugee,4
moving,4
hollywood,4
bitter,4
shortly,4
positively,4
begins,4
coward,4
hacking,4
return,4
rap,4
releases,4
proving,4
episode,4
bimbo,4
ğŸ”,4
runs,4
illegitimate,4
fredzeppelin,4
debe,4
tyranny,4
ill,4
ğ—¿,4
planet,4
joffer,4
frm,4
dry,4
search,4
ii,4
stein,4
300,4
dark,4
innocent,4
hat,4
opp,4
rnc,4
vetting,4
sends,4
toxic,4
rails,4
statements,4
civil,4
pair,4
beings,4
balanced,4
lewd,4
form,4
faking,4
holy,4
expose,4
intend,4
É™,4
flag,4
loyal,4
managed,4
superpower,4
zone,4
cheap,4
anonymous,4
minute,4
remembered,4
criticizing,4
incoming,4
values,4
relative,4
degenerate,4
edificio,4
decades,4
debating,4
troll,4
demanding,4
fb,4
ripping,4
checked,4
draft,4
reminder,4
sniffles,4
veteran,4
Ä±,4
ways,4
ğŸ»,4
solar,4
tears,4
gee,4
unethical,4
closure,4
staged,4
jr,4
partido,4
irrelevant,4
hughes,4
stickers,4
bowl,4
homophobic,4
status,4
tuesday,4
kills,4
listening,4
stranger,4
disqualifying,4
pundits,4
laugh,4
exposes,4
equivalent,4
despicable,4
operatives,4
protests,4
rolling,4
strikes,4
strongly,4
incorrect,4
Ø±,4
mask,4
overseas,4
childish,4
content,4
awful,4
sand,4
fence,4
displaying,4
apologized,4
editorial,4
whiny,4
ğŸ’™,4
chicken,4
respected,4
grope,4
def,4
compare,4
lauhaim,4
awkward,4
technology,4
explains,4
prefers,4
embraces,4
attitude,4
snowball,4
feet,4
stopped,4
wacky,4
viewer's,4
safety,4
guiliani,4
interviews,4
jumps,4
voter-fraud,4
fighting,4
tool,4
reach,4
significant,4
salary,4
impact,4
remove,4
sea,4
recently,4
clueless,4
pissed,4
slogans,4
damn,4
awake,4
uses,4
named,4
regardless,4
parents,4
complaint,4
couple,4
decision,4
benefit,4
signing,4
methodology,4
openmike,4
patriot,4
doesn,4
visits,4
suppression,4
age,4
teaser,4
walked,4
screwed,4
accuse,4
telling,4
besides,4
31,4
popcorn,4
standing,4
halloween,4
escaped,4
crossed,4
proportions,4
drugs,4
establishment,4
mentioned,4
degrees,4
2015,4
flee,4
witness,4
snl,4
yard,4
florida,4
muhammad,4
painful,4
burglarized,4
microphone,4
courtesy,4
chances,4
traitor,4
thousands,4
meant,4
rush,4
frame,4
ğŸ‘‹,4
hits,4
nomination,4
cowards,4
vince,4
hateful,4
unlike,4
harder,4
ğŸ˜,4
administration,4
80,4
match,4
estranged,4
focused,4
obsessed,4
rubio's,4
mitt,4
promise,4
uncontrollably,4
flynn,4
north,4
count,4
whether,4
pin,4
christians,4
preface,4
protestors,4
battleground,4
undercover,4
monster,4
captain,4
qaddafi,4
reporter,4
equals,4
explained,4
spoke,4
army,4
hurt,4
glass,4
robin,4
1994,4
wine,4
feedback,4
easier,4
intimidation,4
struggle,4
immigrants,4
clothes,4
protesting,4
rand,4
anybody,4
laughed,4
treats,4
ğŸ™Œ,4
registration,4
hopefully,4
ignorance,4
harvard,4
birtherism,4
civilians,4
diff,4
basis,4
contractor,4
mistake,4
id,4
rallys,4
cop,4
goals,4
gana,4
ğŸ‘Œ,4
chose,4
wanting,4
58,4
denied,4
stalking,4
plz,4
undocumented,4
commit,4
raises,4
ne,4
picture,4
source,4
trolling,4
vea,4
it'll,4
prevent,4
cost,4
ğŸ˜œ,4
buck,4
trial,4
predictions,4
sleeping,4
counting,4
till,4
attempting,4
map,4
shockingly,4
no1,4
lunch,4
blindan,4
ğŸ¤”,4
dominate,4
correct,4
unifying,4
costumes,4
older,4
honest,4
conservatives,4
uninformed,4
fooled,4
bag,4
buried,4
countries,4
laws,4
crime,4
reveal,4
worried,4
could've,4
committed,4
sites,4
baiting,4
checks,4
according,4
shirt,4
article,4
cares,4
west,4
pas,4
arguments,4
bigoted,4
revelations,4
auditorium,4
67,4
viral,4
destroys,4
felt,4
racism,4
leadership,4
sniffs,4
lou,4
catholics,4
demagogue,4
asst,4
keefe,4
spends,4
shift,4
ty,4
citizen,4
abc,4
sur,4
Æ¶,4
c'mon,4
revenge,4
backlash,4
ğ—®,4
laatste,4
basically,4
middle,4
science,4
created,4
mainstream,4
everyday,4
sneak,4
plane,4
fo,4
register,4
bashing,4
25,4
21,4
condoleezza,4
matthews,4
woman's,4
cheering,4
throws,4
regret,4
boom,4
you'd,4
king,4
headers,4
tacos,4
built,4
articles,4
tpp,4
meanwhile,4
property,4
creator,4
vas,4
rally's,4
snorts,4
insiders,4
budget,4
awaits,4
slinging,4
wings,4
mcmullin,4
mirror,4
innovation,4
terrorists,4
bankruptcy,4
goin,4
invita,4
posted,4
hasn't,4
fdr,4
bragging,4
enquirer,4
land,4
code,4
loyalty,4
celia,4
queen,4
manipulated,4
sexism,4
crook,4
goons,4
muro,4
dressed,4
lisis,4
underrepresenting,4
heart,4
eagles,4
journalists,4
universe,4
lock,4
smear,4
dc,4
pigs,4
ties,4
muppets,4
famous,4
xenophobia,4
superior,4
later,4
stunts,4
ğ˜€,4
sitting,4
grow,4
loved,4
accusing,4
cleveland,4
missing,4
horrible,4
email,4
attention,4
joe,4
figured,4
english,4
cr,4
greater,4
discredited,4
audio,4
das,4
dept,4
journalist,4
didn,4
e-mail,4
90,000,4
predictor,4
ğŸ˜†,4
confident,4
noticed,4
candidacy,4
rawlins,4
campus,4
convince,4
ruling,4
recognize,4
inc,4
compared,4
smears,4
guarantee,4
repeat,4
insults,4
four,3
laughable,3
crush,3
sinking,3
hacked,3
smack,3
memes,3
debunked,3
announced,3
unhinged,3
buildings,3
request,3
Ø¯,3
ms,3
meg,3
journalisme,3
tapes,3
smoke,3
award,3
99,3
hole,3
locker,3
vor,3
widespread,3
Ù…,3
mouths,3
lump,3
attempt,3
screaming,3
versus,3
bank,3
dictatorship,3
arrested,3
companies,3
encuesta,3
competition,3
thoughts,3
hacer,3
serve,3
wasted,3
rat,3
tho,3
ğŸ˜¹,3
incapable,3
bullied,3
professor,3
unleashed,3
meetings,3
colors,3
judges,3
ben,3
dr,3
monumental,3
shots,3
guerra,3
hammer,3
gentleman,3
terms,3
wa,3
superficial,3
cos,3
fnc,3
globalists,3
expected,3
puppet,3
worked,3
aim,3
suppose,3
launched,3
remembering,3
trusted,3
confirmed,3
alien,3
doofus,3
success,3
opportunity,3
aka,3
butter,3
kept,3
changes,3
ğŸ˜©,3
scam,3
shoul,3
overthrown,3
dishonest,3
ironically,3
harassment,3
purple,3
ğŸ·,3
umm,3
offices,3
campagne,3
qur'an,3
eye,3
grabbed,3
rely,3
jon,3
asses,3
elderly,3
attached,3
proposing,3
handed,3
slaves,3
billion,3
impeach,3
countdown,3
decir,3
veterans,3
wharton,3
exact,3
guards,3
current,3
suspect,3
falling,3
scripted,3
smearing,3
brilliant,3
patriotic,3
shifting,3
straks,3
patriots,3
everybody,3
cases,3
fly,3
Ã±,3
figure,3
predict,3
write,3
t-shirts,3
laxative,3
basket,3
imagining,3
cold,3
embarrassing,3
eu,3
shown,3
rational,3
bla,3
card,3
language,3
waited,3
fl,3
fortune's,3
ğŸ‡§,3
gotta,3
oath,3
revolt,3
medical,3
anger,3
snorting,3
note,3
bets,3
spewing,3
nightmare,3
data,3
pro-life,3
isnt,3
bombs,3
worries,3
violated,3
israeli,3
Ù‡,3
father's,3
staffer,3
affordable,3
screen,3
zakaria,3
deals,3
expression,3
hilarity,3
observers,3
colluding,3
trick,3
admin,3
margin,3
ğŸ¿,3
embrace,3
minds,3
nail,3
driver,3
gdp,3
captured,3
samples,3
aspects,3
amy,3
organizing,3
nazi,3
scottie,3
favorite,3
motley,3
officially,3
burglar,3
liberals,3
died,3
farage,3
hire,3
abuser,3
ğŸ“½,3
aventaja,3
2000,3
lobbyists,3
fraudulent,3
tx,3
casa,3
ticket,3
celebrity,3
large,3
neighborhood,3
nbc,3
psycho,3
section,3
schumer,3
revealing,3
praises,3
africa,3
charge,3
markets,3
broke,3
promoting,3
beautiful,3
dress,3
court,3
reflect,3
progressives,3
â™¥,3
anytime,3
block,3
mexican,3
pt,3
22,3
ğŸ’¯,3
hurting,3
icymi,3
stiffed,3
heavy,3
delicious,3
voor,3
dir,3
student,3
miss,3
relationship,3
percentage,3
download,3
gov't,3
wilson,3
lil,3
Ø¹,3
brace,3
hires,3
services,3
checkers,3
chronicle,3
murdered,3
progressive,3
insane,3
throwing,3
seg,3
deploying,3
2020,3
connection,3
hackers,3
simple,3
deport,3
nate,3
usually,3
grossly,3
fact-checking,3
ballots,3
outright,3
per,3
pen,3
continuing,3
chanting,3
refuses,3
bluster,3
miracles,3
dude,3
shunned,3
lesson,3
delusional,3
walls,3
sideshow,3
slander,3
chelsea,3
images,3
nah,3
pat,3
towers,3
jason,3
wished,3
torture,3
wrestling,3
ğŸ˜Ÿ,3
poverty,3
ctr,3
stupidity,3
singing,3
scariest,3
chip,3
ride,3
pour,3
links,3
process,3
trumped,3
publicity,3
fare,3
bigot,3
uhr,3
lines,3
negotiated,3
masses,3
sunday,3
2017,3
junction,3
Ã§,3
university,3
rumor,3
critics,3
the_donald,3
owned,3
lagging,3
sadly,3
nda,3
bozo,3
wrapped,3
stars,3
bed,3
1.8,3
nancy,3
combat,3
fact-checker,3
consequences,3
stronger,3
tussen,3
madman,3
murrow,3
ğŸ’›,3
sheriff,3
johnpodesta,3
bear,3
ğ—±,3
signed,3
desperate,3
closed,3
midnight,3
explosive,3
weak,3
ğŸ‡±,3
swallow,3
scorched-earth,3
cu,3
climate,3
vp,3
ãƒ»,3
crash,3
perhaps,3
juan,3
unite,3
upon,3
approve,3
weapon,3
1.25,3
apostasy,3
generous,3
tests,3
crushes,3
screwing,3
footage,3
magnate,3
hier,3
documentary,3
tina,3
hr,3
kardashian,3
stories,3
diplomat,3
canada,3
jackson,3
signalling,3
appalling,3
hermano,3
pride,3
vgi's,3
stolen,3
updates,3
married,3
whitman,3
hundreds,3
highly,3
whistle,3
therefore,3
wars,3
unfortunately,3
gegen,3
jusqu,3
earlier,3
turns,3
priming,3
brits,3
expectations,3
crew,3
400,3
weakness,3
safe,3
silver,3
demi-fr,3
smh,3
standard,3
exposing,3
heading,3
ditch,3
sarcasm,3
convention,3
wisdom,3
dug,3
nominate,3
mini,3
modern,3
coulisses,3
sleazeball,3
insightful,3
visitor,3
debts,3
announce,3
rice,3
des,3
di,3
14,3
assure,3
secretary,3
reported,3
result,3
miserable,3
shill,3
there'a,3
dynamite,3
vows,3
electing,3
obamas,3
steaks,3
ğŸ˜ª,3
c'est,3
child,3
voices,3
east,3
evening,3
ignoring,3
linked,3
split,3
saudis,3
pitchforks,3
kid,3
performance,3
humble,3
greatest,3
43,3
unfair,3
quotes,3
year-old,3
secure,3
spread,3
primaries,3
54,3
50,3
ditty,3
relief,3
unfit,3
leak,3
bold,3
constantly,3
pocas,3
wolfblitzer,3
toss,3
held,3
mole,3
floor,3
stake,3
businessman,3
gorilla,3
pro-trump,3
0,3
hume,3
blast,3
century,3
xenophobe,3
shirts,3
appear,3
appeal,3
understanding,3
dec,3
canadian,3
country's,3
plotted,3
hotels,3
positive,3
soul,3
moon,3
ğŸ¼,3
zimmerman,3
african,3
cutoff,3
denial,3
coordinated,3
main,3
playbook,3
investigation,3
position,3
woo-hoo,3
thiel's,3
fixed,3
stevens,3
fi,3
burying,3
buzzfeed,3
savages,3
ideas,3
drudge,3
online,3
200,3
skinned,3
wing,3
ground,3
madonna,3
dick,3
pollsters,3
nell,3
gen,3
answering,3
ken,3
seat,3
stigma,3
program,3
assaulting,3
coked,3
considers,3
classic,3
bullshit,3
african-american,3
ive,3
weep,3
ch,3
rose,3
podr,3
amb,3
stunt,3
jailing,3
millennials,3
dinesh,3
critical,3
refer,3
fareed,3
ğŸ¾,3
camp's,3
playground,3
how's,3
strip,3
upbeat,3
largest,3
fill,3
credibility,3
president's,3
trending,3
torches,3
sewer,3
ğ—¼,3
anti-semitic,3
returning,3
we've,3
harry,3
proposes,3
version,3
would've,3
imaging,3
requiring,3
dogshit,3
comparing,3
boy,3
accumulated,3
offended,3
unbiased,3
acts,3
invasion,3
tweeting,3
paper,3
developer,3
mites,3
skipped,3
embezzler,3
everytime,3
hommage,3
definition,3
bumper,3
scheme,3
opening,3
malik's,3
aan,3
toward,3
declare,3
fights,3
trip,3
cavs,3
towards,3
ğŸ‡¬,3
repub,3
stooge,3
opponent,3
worthy,3
preparing,3
reporters,3
cozy,3
outfit,3
league,3
extreme,3
fund,3
hermanastro,3
liga,3
ratings,3
alert,3
tierra,3
spills,3
presidents,3
bio,3
narcissist,3
cognitive,3
ignored,3
savage,3
Ã¤,3
congressman,3
rolls,3
votar,3
collapses,3
tomorrow's,3
allowing,3
odious,3
emigration,3
summit,3
watergate,3
tweeted,3
hints,3
waterboards,3
gettin,3
pledge,3
booth,3
click,3
collins,3
bird,3
alt-right,3
sink,3
dissonance,3
downfall,3
potential,3
thin,3
wonderful,3
holds,3
infowars,3
scoop,3
counted,3
boxing,3
insight,3
Ø¨,3
skewers,3
cutting,3
owns,3
announces,3
experiment,3
scumbag,3
clarify,3
david,3
scare,3
management,3
culture,3
sen,3
min,3
interviewing,3
connect,3
lemme,3
employed,3
props,3
lucky,3
beam,3
rage,3
lobotomy,3
go-getter,3
focus,3
absentee,3
citizenship,3
quid,3
ğŸ‘†,3
gross,3
promotes,3
stalin,3
va,3
ve,3
lifetime,3
wreck,3
parts,3
ball,3
illinois,3
crack,3
upvotes,3
works,3
trap,3
reaching,3
includes,3
doesnt,3
blaming,3
lowered,3
sending,3
deaths,3
repeal,3
narrative,3
aided,2
talki,2
consists,2
bizzaro,2
aggression,2
femicide,2
increase,2
regar,2
unanswered,2
ex-felon,2
messenger,2
perrier,2
compassion,2
void,2
driver's,2
kick,2
drumpf,2
calif,2
tolerate,2
ğŸ˜,2
270,2
livered,2
pander,2
solemn,2
sergista,2
hero,2
interns,2
ğŸ,2
fizzles,2
nutjob,2
procedure,2
holocaust-denying,2
criticism,2
spawn,2
plea,2
o'shoot,2
cheats,2
counts,2
ploy,2
music,2
hillarys,2
lungs,2
bobblehead,2
hubble,2
cured,2
casualties,2
97,2
sway,2
transparency,2
elbow,2
gloria,2
quiver,2
estate,2
involve,2
ia,2
khlo,2
brand's,2
realalexjones,2
omiting,2
autoritario,2
infringement,2
hop,2
moron,2
truthful,2
dignified,2
replacing,2
insecure,2
memorial,2
lax,2
trumpkin,2
snarling,2
bigely,2
green,2
allegations-pence,2
realizing,2
emotion,2
mpp,2
dirtiest,2
carre,2
rewarded,2
patronized,2
discourse,2
hidden,2
cred,2
iowa,2
twits,2
reaches,2
bypasses,2
m's,2
oxygen,2
dhs,2
reasonable,2
interfering,2
facade,2
rink,2
250,000,2
doomed,2
carry,2
mdr,2
caveman,2
ranted,2
lurks,2
encourage,2
rare,2
banning,2
leaves,2
newly,2
forth,2
independence,2
turning,2
bears,2
psychic,2
researcher,2
channels,2
cher,2
reppin,2
ten,2
consistent,2
ceiling,2
theatrics,2
ted,2
rejected,2
showed,2
powers,2
iii,2
cheer,2
diretta,2
doors,2
moscow,2
who've,2
candidate's,2
nel,2
letter,2
money-laundering,2
tech,2
pope,2
steinem,2
toast,2
stoop,2
ğŸ¥,2
hrs,2
regously,2
parodied,2
gropes,2
signsyou'relying,2
4.00,2
criticized,2
lookiin,2
hallucinating,2
rothschild,2
suggested,2
shula,2
blew,2
ğŸ™,2
allegedly,2
grubber,2
simultaneously,2
draws,2
04,2
mum,2
preserve,2
â¡,2
nuclearization,2
wi,2
42.8,2
picking,2
abolished,2
drowsy,2
snowbird,2
bannon's,2
hahahaha,2
lookin,2
hab,2
jugar,2
con-artist,2
bingo,2
fro,2
beer,2
stadium,2
class-acts,2
scarecrow,2
hospitalized,2
comiencen,2
dissect,2
b-day,2
sticker,2
sanitizer,2
sting,2
throat,2
bij,2
ericksen,2
avoids,2
satellite,2
cindy,2
saddam,2
right-wing,2
1977,2
aeoleon,2
tha,2
imbeciles,2
anti-intellectualism,2
sleepy,2
identify,2
incentive,2
thug,2
candidata,2
mainly,2
shout,2
posed,2
cultural,2
asshole,2
desire,2
cancelled,2
â„…,2
crown,2
intern,2
denies,2
humor,2
student's,2
floaters,2
yorker,2
machista,2
deleted,2
dines,2
ribs,2
lmfao,2
beta,2
suggestions,2
ahh,2
shoots,2
federal,2
lashes,2
novi,2
jealousy,2
mocks,2
removes,2
understandable,2
congratulations,2
vetted,2
unthinkable,2
considered,2
atte,2
dominante,2
acclaimed,2
advertise,2
1,000,2
tit,2
tip,2
implant,2
nv,2
slink,2
weekend,2
tic-tacs,2
apology,2
citizenry,2
chain,2
grandkids,2
laura,2
chair,2
grifter,2
game's,2
devoted,2
vet,2
gigs,2
236,991,525,500,2
traitors,2
suffered,2
agreed,2
advises,2
term-limits,2
ayayay,2
clouds,2
jhi,2
dif,2
live-action,2
unaware,2
full-on,2
adds,2
heres,2
havoc,2
rinos,2
casse-pipe,2
foreshadows,2
water,2
exploitation,2
hopeful,2
bleibt,2
shark,2
should've,2
bury,2
andy,2
bender,2
rorschach,2
validates,2
acceptable,2
refrain,2
primes,2
everywhere,2
douche,2
piles,2
believer,2
innuendo,2
believed,2
disgust,2
ibt,2
dedicated,2
reminded,2
clothing,2
pink,2
unwavering,2
allege,2
latimes,2
pro-veteran,2
sacrifice,2
fed,2
suck,2
filthy,2
fatality,2
natural,2
drained,2
grandson,2
whenever,2
name-calling,2
sw,2
switch,2
alinsky,2
manera,2
joins,2
stayed,2
unnoticed,2
treachery,2
lyin,2
spotlighting,2
hemingway,2
impulses,2
litmus,2
kkk,2
twilight,2
attorneys,2
rrrruuuuuummmmmmbbbllleeee,2
gamble,2
amnesty,2
turtle,2
motorboat,2
electorate,2
ew,2
salads,2
distillation,2
concur,2
brags,2
imperative,2
connections,2
siege,2
zuckerberg,2
escorpio,2
california,2
conman,2
training,2
scampaign,2
punk,2
buzzer,2
saving,2
oversaw,2
doubleup,2
house-mate,2
ğŸ’•,2
woooose,2
fmr,2
authority,2
fml,2
alfred,2
meme,2
lobbing,2
huh,2
broadcast,2
review,2
conceivable,2
dissed,2
glutton,2
kermit,2
investors,2
convencer,2
sells,2
humane,2
zod,2
intends,2
upside,2
registered,2
channel,2
closer,2
prick,2
price,2
fails,2
forever,2
luv,2
touchy,2
steady,2
cette,2
hurled,2
opportunist,2
grilling,2
bankrupting,2
correctly,2
reps,2
admiration,2
bigly,2
naked,2
cnn's,2
wiki,2
arrival,2
declared,2
asleep,2
apologies,2
sincere,2
best-friend,2
whats,2
ğŸ»,2
deliver,2
style,2
jfk,2
tour,2
tit-for-tat,2
madness,2
grouppaid,2
accusation,2
exploit,2
akeem,2
considering,2
cycling,2
breath,2
fury,2
motives,2
yorkers,2
ğŸš½,2
siu,2
stephen,2
profane,2
naacp,2
caso,2
develop,2
granted,2
moderators,2
struggling,2
homophobia,2
jeffrey,2
swiss,2
reverts,2
debases,2
driven,2
alligators,2
b-cuz,2
constitutional,2
bang,2
accountable,2
demean,2
resp,2
foot,2
aspect,2
pols,2
flavor,2
staging,2
widest,2
nap,2
color,2
pile,2
bigger,2
sums,2
libs,2
redhead,2
gimme,2
surrogates-be,2
eternity,2
dole,2
racial,2
liability,2
exit,2
provides,2
aussie,2
ğŸ˜»,2
internship,2
convincing,2
bravado,2
stereotypes,2
central,2
tremendous,2
quietly,2
burning,2
empress,2
england,2
nowadays,2
compliant,2
premiu,2
assumes,2
gopers,2
gurney,2
featuring,2
abused,2
gems,2
ac,2
creat,2
upending,2
girlfriend,2
syrian,2
ice,2
puberty,2
ineligible,2
vote-rigging,2
symbol,2
pelosi,2
ÅŸ,2
websites,2
hugely,2
alright,2
ğŸ‘½,2
overwatch,2
tl,2
fat,2
authentic,2
firebomb,2
venezuela,2
deja,2
anti-clinton,2
grabs,2
knecked,2
stood,2
stunning,2
gagner,2
hungover,2
mendacious,2
operating,2
mult,2
245,2
creeps,2
falsified,2
airport,2
followed,2
suddenly,2
establish,2
non-policy,2
khan,2
twd,2
bribed,2
ethically,2
stand-up,2
instrumental,2
landed,2
surface,2
debater,2
malt,2
faced,2
duh,2
shockland,2
abandon,2
soft,2
prompt,2
whimpering,2
loosing,2
jerk,2
comermd,2
patton,2
dismissed,2
octopussy,2
non-sexist,2
fr,2
viene,2
fx,2
frei,2
verified,2
emergencies,2
shortcomings,2
that'd,2
mislead,2
ego,2
egg,2
tapper,2
implausible,2
einer,2
dina,2
28,2
viewers,2
incl,2
suprise,2
hamas-linked,2
token,2
moronic,2
shocking,2
correctrecord,2
posts,2
fish,2
reduce,2
blues,2
publish,2
print,2
ğŸ™ƒ,2
cookie,2
loads,2
thrown,2
hitchens,2
thread,2
scheduled,2
contingency,2
devolve,2
probability,2
dona,2
dillen,2
jet,2
parkinson's,2
run-through,2
candidatos,2
ğŸ™‰,2
passed,2
mentality,2
sold,2
rampant,2
std,2
anticipate,2
ğ—¯,2
realises,2
harping,2
ecuador,2
insulted,2
lobbyist's,2
picked,2
blond,2
lib,2
camouflage,2
barmy,2
solve,2
byniknat,2
mack,2
understands,2
ğŸ¿,2
nobility,2
stones,2
despise,2
golf,2
celebrities,2
wardrobe,2
rocket,2
grotesque,2
unhappy,2
moments,2
circle,2
marciano,2
hillar,2
amico,2
pretending,2
feely,2
hij,2
merchandise,2
âƒ£,2
clinic,2
eeuu,2
sotomayor,2
witches,2
cringe,2
monger,2
wrote,2
patriotism,2
tree,2
vine,2
stance,2
obstructionist,2
compliment,2
android,2
knowing,2
exhumes,2
opposition,2
bidder,2
woke,2
scams,2
loudmouth,2
community,2
rave,2
linus,2
todas,2
pr,2
filth,2
convicted,2
anti-establishment,2
agresivo,2
meeting,2
flight,2
gay,2
silences,2
peta,2
shove,2
benanti,2
warrant,2
governor,2
proabortion,2
kingdom,2
vot,2
reads,2
owes,2
ğŸ˜­,2
prepotente,2
viewing,2
dine,2
poland,2
synopsis,2
flags,2
timberlake,2
donation,2
dlyk,2
salve,2
alternative,2
cocks,2
morals,2
disappointed,2
grin,2
pasar,2
crank,2
judgement,2
suffering,2
biz,2
projects,2
koolade,2
authoritarian,2
frisk,2
zimmerm,2
anti-american,2
redo,2
bl,2
odor,2
consolation,2
trounced,2
ğ—½,2
drama,2
germany,2
rats,2
toegaat,2
loove,2
calming,2
asshats,2
pundit,2
extremely,2
inpartiality,2
window,2
lasvegas,2
opens,2
wild-card,2
cologne,2
giggling,2
girlfriends,2
t-shirt,2
directed,2
prey,2
fulfilling,2
liberty,2
clips,2
continuously,2
curt,2
freak,2
armstrong,2
people-he,2
tribune,2
prevail,2
grave-digging,2
alisyn,2
amounts,2
bretbart,2
department,2
draw,2
lucir,2
holes,2
ashamed,2
recorded,2
thomas,2
psyche,2
startet,2
tylenol,2
particularly,2
flashback,2
prophecy,2
bullsh,2
contacted,2
appointee,2
84,2
ganar,2
eeek,2
magic,2
tra,2
anxious,2
brutal,2
tru,2
uncle,2
boots,2
jump,2
licenses,2
odd,2
plays,2
fine,2
access,2
nails,2
body,2
lessons,2
libtarded,2
copyright,2
honored,2
didnt,2
agenda,2
orangutan,2
involves,2
streak,2
wie,2
harm,2
apr,2
diversion,2
decrease,2
cripple,2
motor,2
fel,2
theme,2
cualquiera,2
indefensible,2
benchmark,2
illegalities,2
chef,2
pocahontas,2
announcing,2
nears,2
closing,2
leveling,2
750000,2
put's,2
slip,2
contempt,2
defective,2
dinners,2
numerous,2
sig,2
slamming,2
thin-skinned,2
baffles,2
perjury,2
fatigue,2
liderazgo,2
destroying,2
drugtest,2
hun,2
hil,2
defining,2
warrants,2
morgen,2
dab,2
castros,2
dat,2
references,2
commonwealth,2
profile,2
dixie,2
mijn,2
wisconsin,2
mcmahon,2
rep,2
touchy-feel,2
rejoice,2
juiciest,2
smartass,2
zegt,2
hussein,2
south,2
plainly,2
notes,2
owner,2
art,2
legislative,2
camerota,2
statler,2
revealed,2
relations,2
ironic,2
stomach,2
pssst,2
checking,2
elite,2
steel,2
europe's,2
cards,2
info,2
explicit,2
torment,2
russians,2
Ø©,2
ğŸ•³,2
lily,2
coke,2
worldwide,2
connected,2
duelo,2
vultures,2
hypocrite,2
mus,2
deplorable's,2
08,2
twitting,2
redheads,2
escobar,2
jugada,2
decade,2
ultimo,2
colbert,2
prejudice,2
crumbling,2
rger,2
puestos,2
timing,2
tactics,2
aiding,2
evolution,2
conditions,2
slimer,2
blurb,2
tunes,2
pertains,2
spotted,2
vine's,2
humans,2
reddit,2
evergreen,2
flattering,2
packed,2
televised,2
boosts,2
nominees,2
âœ½,2
textbook,2
importance,2
key,2
33,000,2
drum,2
ethnicities,2
ca,2
ce,2
presdential,2
addition,2
coaching,2
responds,2
keniata,2
compensating,2
louisiana,2
netanyahu,2
tshirt,2
value,2
elites,2
archie,2
wkg,2
Ä“,2
inspector,2
whore,2
parent,2
casino-less,2
member,2
moms,2
unity,2
speaker,2
digging,2
misogynist,2
brag,2
tapped,2
injured,2
appearances,2
amendments,2
gozzy,2
takers,2
nevertheless,2
enrage,2
yuge,2
softening,2
percent,2
domestic,2
mistaken,2
waldorf,2
coasted,2
happiness,2
smith,2
rubio,2
vids,2
â–½,2
gushing,2
fate,2
dest,2
haul,2
equality,2
hosts,2
amendment,2
shed,2
looked,2
kinds,2
march,2
hurricane,2
boggles,2
multiple,2
stellar,2
asinine,2
described,2
refiling,2
pregame,2
3500,2
donald's,2
160,2
ropes,2
baseless,2
booed,2
banca,2
1988,2
kooks,2
appoint,2
hv,2
ultima,2
mailed,2
ğŸ“,2
brick,2
succe,2
wise,2
joeri,2
fires,2
kenya-born,2
mentioning,2
supreme,2
universal,2
romney,2
erin,2
beats,2
goodness,2
superpowers,2
pit,2
againt,2
commander-in-chief,2
86,2
behold,2
imag,2
monday,2
oppression,2
backstage,2
ghost,2
starting,2
cerebral,2
humanidad,2
legacies,2
limited,2
trickle-down,2
suny,2
payoff,2
govern,2
laurels,2
honor,2
hiliary's,2
unionbusting,2
hating,2
street,2
49,2
feck,2
established,2
creating,2
fingers,2
toll,2
tipp,2
kicked,2
loo,2
arsehole,2
path,2
peaceful,2
catch-up,2
controversy,2
casino,2
punishment,2
golden,2
fellas,2
divide,2
geography,2
spooky,2
cheating,2
bragged,2
nycourt,2
gusta,2
arms,2
blocking,2
mh,2
shook,2
r-i-i-i-i-ght,2
ğŸ“º,2
farmville,2
educating,2
hoe,2
initiate,2
hitman,2
rober,2
calidad,2
lay,2
mars,2
retail,2
cat,2
profiteers,2
maintain,2
brangelina,2
dreamed,2
funneled,2
sickle,2
fey's,2
2.6,2
affect,2
diplomacy,2
scalia,2
fleeing,2
differently,2
pro-gun,2
hispanics,2
bankroll,2
hiring,2
effects,2
mgmt,2
scholar,2
korea-style,2
rocky,2
classified,2
filenames,2
telescope,2
parasites,2
we'd,2
doug,2
logo,2
truman,2
buddy,2
cheesy,2
instigate,2
softball,2
sellout,2
confirms,2
people's,2
responding,2
r3,2
conceding,2
walmart,2
organize,2
partie,2
xandthe,2
ğŸ˜,2
toy,2
engagement,2
airs,2
int'l,2
murder,2
technique,2
criollo,2
distance,2
surrounding,2
perspective,2
objects,2
ray,2
upholding,2
talker,2
committing,2
marie,2
morality,2
treasonous,2
scream,2
ğŸ˜Œ,2
religions,2
7.1,2
sewn,2
menu,2
Ø¬,2
oct,2
monica,2
bei,2
skeevy,2
animation,2
irregularities,2
piggy,2
ğŸº,2
fault,2
miserably,2
triumphed,2
roadmap,2
benieuwd,2
caves,2
wtg,2
received,2
disdain,2
pollster,2
jelly,2
alternate,2
untruths,2
prematurely,2
periscope,2
4634,2
bay-lin,2
quickly,2
basic,2
jackass,2
threw,2
anchors,2
hilla,2
absorbent,2
censored,2
cartoons,2
mogul,2
teachers,2
aid,2
cons,2
existence,2
player,2
tissue,2
il,2
campaigning,2
taped,2
intended,2
niks,2
superman,2
grows,2
kushner,2
bunker,2
changer,2
conseill,2
juegos,2
intentionally,2
newton,2
ğŸŒ,2
buzzkill,2
insurrection,2
yer,2
alum,2
enters,2
assassination,2
board,2
gang,2
humanity,2
xs,2
caps,2
possibly,2
nationalists,2
lynne,2
unfounded,2
officer,2
prologue,2
devils,2
battlefield,2
ole,2
sanction,2
policewoman,2
crees,2
holiday,2
abdul-jabbar,2
discount,2
amor,2
falls,2
foolish,2
yelling,2
sip,2
carrot,2
bound,2
chooses,2
developing,2
working-class,2
asesores,2
powerhouse,2
gin,2
journo,2
narrowsburg,2
oil,2
justify,2
â˜º,2
pilger,2
reform,2
panels,2
mails,2
looms,2
ist,2
promised,2
believable,2
annoying,2
lees,2
molested,2
madonna's,2
brothers,2
allegat,2
stealing,2
ğŸ“¢,2
tapeworm,2
lowdown,2
precedent,2
whoever,2
skate,2
skin,2
bribes,2
meds,2
flash,2
vlad,2
praised,2
willfully,2
educated,2
dating,2
skewed,2
âœ’,2
skewer,2
added,2
talked,2
bravo,2
ogles,2
pme,2
narcissists,2
curse,2
mt,2
favour,2
brawl,2
saluting,2
vanderbilt,2
hopen,2
dwindling,2
inferno---after,2
impacted,2
exiting,2
transmitir,2
1.5,2
retiree,2
ayn,2
troops,2
parties,2
handler,2
raided,2
wicked,2
roared,2
preserving,2
mascot,2
demolish,2
proposition,2
ğŸ‘¾,2
admired,2
temperature,2
chic,2
joffe,2
looses,2
irrational,2
produce,2
132,2
futures,2
sh,2
vaya,2
tall,2
cute,2
comfort,2
indeed,2
blocked,2
corruptness,2
conoce,2
nom,2
lonely,2
nog,2
yrold,2
thankful,2
drop,2
drov,2
oldnews,2
quarter,2
challenged,2
replay,2
subastada,2
furniture,2
ep,2
rioters,2
factors,2
lowlife,2
coin,2
virtuoso,2
questioning,2
gah,2
couldn,2
vtrs,2
affects,2
impose,2
hypnosis,2
disable,2
rewrites,2
cheese,2
impossible,2
raped,2
size,2
terrifying,2
bounty,2
dolan,2
brains,2
appreciated,2
boyfriend,2
favors,2
rehab,2
supremacist,2
slam,2
distorted,2
prosperity,2
nuanced,2
warriors,2
six,2
swelled,2
switching,2
insanity,2
printed,2
knowingly,2
larry,2
filing,2
ğŸª,2
perverts,2
mashable,2
short-fingered,2
maine,2
nemesis,2
dice,2
title,2
stormf,2
sooooprize,2
rhinos,2
truly,2
unaltered,2
dye,2
versions,2
everything's,2
concert,2
23,000,2
mops,2
duello,2
surfaced,2
aggitators,2
concentrate,2
hurts,2
comeback,2
chavez,2
badmouthing,2
flipped,2
schermen,2
d'uhh,2
moreover,2
253,2
guilliani,2
tuning,2
shortlist,2
reaction,2
blessing,2
squash,2
mocking,2
dramatic,2
protections,2
hashtag,2
abject,2
tolerating,2
blah,2
immaturity,2
kenya,2
ivy,2
rooting,2
chi,2
unholy,2
shifts,2
groper,2
shifty,2
booths,2
faculty,2
weed,2
3844,2
ğŸ‡¨,2
enguarrachinarlo,2
otherwise,2
mongering,2
truther,2
slime,2
slimy,2
ğŸ”´,2
weekly,2
dunham,2
kareem,2
jake,2
mor,2
virginia,2
74,2
ğŸ‡¦,2
acute,2
claritin-d,2
clas,2
jews,2
dilbert,2
divine,2
cutters,2
deputy,2
manipulator,2
mood,2
compulsion,2
decent,2
outreach,2
sports,2
fractured,2
aide,2
sniffy,2
dancing,2
â˜†,2
trot,2
twister,2
apologize,2
pivot,2
intervention,2
legacy,2
hes,2
removing,2
envoyer,2
agreements,2
replies,2
pitches,2
bookstore,2
october,2
anyway,2
site,2
politically,2
railed,2
600,2
sales,2
ar,2
orgullosamente,2
av,2
anti-zionists,2
quintessential,2
sampled,2
sucking,2
field,2
brash,2
championship,2
winining,2
casts,2
sounded,2
ğŸ‡®,2
treason,2
surrounded,2
shattered,2
freeloading,2
lining,2
gary,2
rants,2
malaysia,2
ğŸ‚,2
ğŸ™„,2
standards,2
1,500,2
tweeter,2
sicker,2
misinformation,2
random,2
mile,2
dodger,2
entourage,2
zanax,2
esfuerzo,2
titles,2
displays,2
investment,2
material,2
clock,2
gether,2
method,2
smartest,2
iraq,2
punchline,2
man's,2
handlers,2
losses,2
pathological,2
headache,2
vis,2
855,2
sheehan,2
angrier,2
lemond,2
flav,2
dis,2
minis-asc,2
foundations,2
hurry,2
grill,2
frakkin,2
strategies,2
bffs,2
stated,2
unexpected,2
goal,2
heck,2
justin,2
bags,2
sophistication,2
ambassador,2
blood,2
nixed,2
waves,2
fm,2
unvetted,2
ğ—º,2
wishes,2
Ã¶,2
chicks,2
signo,2
comedic,2
wiiliams,2
resort,2
anticipated,2
bryan,2
policeman,2
fiber,2
predatory,2
compassionate,2
noble,2
impersonation,2
goebbels,2
projected,2
divisive,2
bye,2
dirt,2
friday,2
vraimen,2
bombshell,2
base,2
hapless,2
mutant,2
stoneman,2
reporter's,2
lunatic,2
distasteful,2
frisked,2
sympathy,2
swipe,2
paint,2
seeker,2
banana,2
avvicina,2
exploded,2
needle,2
appreciation,2
favorable,2
grew,2
journalistic,2
stress-eat,2
ditches,2
zamunda,2
alike,2
douchebags,2
tierney,2
officers,2
warnings,2
interrupting,2
raving,2
parody,2
attacking,2
wording,2
contracted,2
phenomenon,2
jared,2
_animaladvocate,2
sayin,2
profanity,2
ğŸ˜¬,2
wayne,2
cuba,2
stature,2
swing,2
they'd,2
isolationism,2
69,2
distraction,2
nicknamed,2
cry,2
mic-drop,2
heaping,2
knell,2
318,2
lifetimes,2
ğŸ––,2
arm,2
practice,2
spirits,2
mine,2
terrified,2
makeup,2
dalle,2
tv-duell,2
ranked,2
ils,2
delivering,2
reverse,2
restaurant,2
moto,2
barely,2
minorities,2
canadians,2
finds,2
distress,2
accountability,2
sweep,2
implode,2
women--and,2
blamed,2
devil,2
raise,2
wer,2
whos,2
dropping,2
della,2
âŒ,2
38,2
argentinian,2
temperament,2
invit,2
handling,2
battling,2
biases,2
ğŸš‚,2
mouthing,2
cnnmoney,2
ğŸ†˜,2
leaving,2
null,2
endorsescruz,2
touched,2
whistleblow,2
randi,2
cigar,2
tonigh,2
limbaugh,2
picks,2
gaddafi,2
regente,2
exonerating,2
openly,2
prince,2
byhrc,2
ğŸŒ®,2
shouting,2
ğŸ“Œ,2
demands,2
wives,2
bitchslap,2
dchen,2
inciting,2
â™ ,2
stinking,2
redneck's,2
killary,2
names,2
parade,2
dodging,2
spring,2
understood,2
infancia,2
scale,2
prop,2
peo,2
ojos,2
forgets,2
rug,2
erected,2
pren,2
negatives,2
goods,2
ruhl,2
exaggerates,2
shut-up,2
impressed,2
developin,2
custom,2
prensa,2
maria,2
poder,2
seria,2
prev,2
cil,2
comparen,2
yelled,2
steeped,2
e-mails,2
circo,2
usd,2
psychopath,2
denying,2
self-destructive,2
nico,2
â‹†,2
income,2
smiles,2
energetic,2
scandals,2
prepared,2
meals,2
dvd,2
face-off,2
bankers,2
scratch,2
sociopathic,2
mosul,2
pervert,2
simon,2
peanut,2
ğŸ˜´,2
friendly,2
opponent's,2
gino,2
bibles,2
ğŸ‘ˆ,2
continually,2
wipe,2
batte,2
balance,2
eased,2
implying,2
eve,2
kit,2
wkrs,2
rack,2
joey,2
goodies,2
dibattito,2
bengazi,2
congratu,2
hourly,2
slight,2
sweaty,2
machiavellan,2
exchange,2
leo,2
skeletons,2
sing,2
arrive,2
guts,2
jugamos,2
cta,2
assistant,2
maker,2
addresses,2
crashing,2
dumbest,2
politico,2
verlo,2
freedoms,2
anti-semites,2
judged,2
denigrating,2
clever,2
ğŸ™Š,2
5000,2
pagliano,2
coffin,2
geez,2
0.2,2
dripping,2
tag,2
sid,2
fam,2
comedy,2
endorsements,2
katotomato,2
andrew,2
healthcare,2
mute,2
bodyslam,2
joanne,2
rendered,2
aj,2
glenn,2
lk,2
thieves,2
sniffling,2
corso,2
cusp,2
clinton--then,2
princesses,2
boggling,2
party-controlled,2
secretly,2
2.30,2
entertainment,2
reboot,2
ricky,2
wondrous,2
rea,2
respecto,2
common,2
intruder,2
embarrass,2
receipts,2
backwards,2
informs,2
concerns,2
troublemakers,2
jesus,2
intuitively,2
barricaded,2
fringaloons,2
fella,2
smaller,2
âœ¨,2
achieved,2
potty,2
crappy,2
swear,2
sergeant,2
perfectly,2
amen,2
o'reilly,2
enforcement,2
fozzy,2
cfoundation,2
unpresidential,2
that'll,2
haven,2
defeats,2
beg,2
bee,2
arc,2
anthropologist,2
sp,2
beck,2
joss,2
gentle,2
dementia,2
sings,2
documents,2
studying,2
discret,2
paternity,2
moore's,2
renounce,2
preliminary,2
duell,2
so-called,2
strident,2
nobody's,2
s'affiche,2
ho,2
impression,2
canadian's,2
text,2
trump-inspired,2
planning,2
principal,2
podcast,2
knowledge,2
quadrennial,2
hector,2
inherited,2
latinos,2
familiar,2
legitimate,2
ãƒ¾,2
entity,2
bernice,2
femmes,2
conduct,2
guessing,2
bashed,2
prayers,2
onaardigs,2
felons,2
cheaters,2
egging,2
embarrassement,2
turd,2
kicking,2
squads,2
robby,2
monitor,2
trumps,2
musslim,2
tormentor,2
trumpy,2
vent,2
cz,2
indict,2
disturbing,2
50,000,2
mafia,2
exposure,2
copies,2
quiz,2
treat,2
reservations,2
curtain,2
chastised,2
scrutiny,2
corks,2
novel,2
anti-semite,2
slept,2
vastly,2
ly,2
powtoon,2
likable,2
unintelligent,2
optimistic,2
amer,2
ave,2
cohort,2
sympathizer,2
probabl,2
une,2
novels,2
lobby,2
gutter,2
ğ—°,2
oops,2
mouthpiece,2
enormously,2
sources,2
ğ˜‚,2
commemoration,2
wether,2
likes,2
trolled,2
unprecedented,2
sonia,2
chancellor,2
hosepipe,2
realiz,2
boyfriend's,2
replacement,2
requested,2
habits,2
110,2
elitist,2
peter,2
marroons,2
reichsb,2
encouraging,2
cavalcade,2
manipulations,2
anti-semitism,2
blowing,2
inaccurate,2
redraw,2
achter,2
trilogy,2
brawn,2
legitimizes,2
j'adore,2
whedon's,2
lowkey,2
stocks,2
transfer,2
elephants,2
troubling,2
jinx,2
naturally,2
ï½€,2
561,2
extended,2
reminds,2
hc,2
pi,2
official,2
placed,2
pumped,2
demonstrate,2
u've,2
display,2
kissed,2
eric,2
spell,2
contest,2
41,2
derrick,2
feelings,2
flattax,2
previous,2
inspiration,2
kidding,2
original,2
situations,2
tensions,2
greenmen,2
foul,1
spez,1
bites,1
countryman,1
redrawing,1
lori,1
up4,1
lols,1
onstage,1
bare,1
scapegoat,1
translation,1
shit's,1
taj,1
harms,1
tickets,1
internally,1
parrot,1
Ã«,1
advocating,1
ğ—¹,1
cheeto,1
wept,1
possiblity,1
realisation,1
warns,1
puppets,1
loathing,1
appetite,1
employ,1
tirelessly,1
fallar,1
weren,1
propre,1
satanic,1
stinks,1
dres,1
caddell,1
represented,1
stresses,1
disrespect,1
environment,1
elaborate,1
paris,1
saint,1
Â«,1
ridiculed,1
julie,1
turnouts,1
schilling,1
insiste,1
42,1
340,1
breathe,1
vayan,1
wr-v,1
runnin,1
defeated,1
dessins,1
ãƒ¡,1
hoax,1
ğ—£,1
divorced,1
hate-preaching,1
brewster's,1
mk,1
mu,1
experts,1
salvage,1
unshackled,1
vodka,1
figuraccia,1
heartless,1
bonafide,1
ceremony,1
travel,1
disappear,1
whittle,1
chump,1
meaningful,1
sorpresitas,1
retroactively,1
appreciate,1
greet,1
emotions,1
migraine,1
ammo,1
alyson,1
sont,1
offici,1
feign,1
nsfw,1
slovak,1
6.9,1
evidence-less,1
imo,1
man-child,1
undercut,1
lambert,1
similar,1
thee,1
therapy,1
ğ—¥,1
detroit,1
intimidate,1
addicted,1
deserting,1
woes,1
knockout,1
leftist,1
disappointing,1
trading,1
whip,1
marches,1
touts,1
governors,1
Ùƒ,1
marshall,1
assured,1
lawless,1
vets,1
jetzt,1
violation,1
bid,1
distract,1
writhing,1
messages,1
f--king,1
priorities,1
oppose,1
triumph,1
inbred,1
recite,1
â—,1
champs,1
holbrook,1
jealous,1
spinning,1
rasmussen,1
implicated,1
175,1
traitorous,1
trashing,1
rates,1
damaging,1
tossup,1
ventaja,1
gym,1
palsy,1
oussy,1
crawl,1
preacher,1
trek,1
wishhecouldplaythemonstage,1
hopping,1
solomon,1
historical,1
midgets,1
viva,1
ausverkauft,1
war-dog,1
millenials,1
widen,1
draintheswamp,1
missliberty,1
2.75,1
centipedes,1
brietbart's,1
lrihendry,1
republikaner,1
reelection,1
bruce,1
doin,1
diminishing,1
looming,1
clears,1
panic,1
defendiendo,1
singer,1
flow,1
filo-russian,1
prevention,1
leahy,1
entertaining,1
wrecked,1
bfraser,1
sows,1
dupe,1
kogi,1
spite,1
guidance,1
warmongering,1
yea,1
sigue,1
dj,1
kindling,1
preferred,1
watson,1
directrice,1
rubes,1
spokesperson,1
licking,1
lleven,1
besties,1
zones,1
responde,1
capone,1
onto,1
lef,1
æŸ³,1
grandmother,1
daha,1
bellowing,1
aaaahahahahahaha,1
credo,1
feisty,1
wrap,1
n'en,1
goingviral,1
ws,1
wth,1
expos,1
candidat,1
hypocrites,1
studio,1
exitoso,1
spear,1
900,1
irresponsible,1
seizure,1
active,1
tons,1
bathroom,1
106,1
fri,1
viewer,1
fahrenthold,1
dots,1
concerning,1
puedes,1
llevar,1
horrors,1
exception,1
conviction,1
regarder,1
half-breed,1
bin,1
experte,1
iq,1
allows,1
foolishness,1
comparative,1
marino,1
infringe,1
quand,1
backed,1
convictions,1
youth,1
manche,1
mujeres,1
blue,1
bastard,1
raza,1
producers,1
bloomberg,1
tyson,1
closet,1
ralllies,1
scenario,1
02.45,1
cuomo's,1
volver,1
everyth,1
33,1
eyebrows,1
quoted,1
capitalize,1
short-cut,1
succeeding,1
terrific,1
amerikal,1
hav,1
american's,1
shadow,1
heknowshcstand,1
59,1
down-ballot,1
gift,1
cooler,1
57,1
limosine,1
specific,1
promette,1
articulates,1
musique,1
oostkust,1
beneficial,1
ğŸ˜‹,1
buenas,1
pain,1
consensus,1
klopapier,1
dental,1
starring,1
precisa,1
wht,1
laughter,1
55,1
esperamos,1
magazine,1
eight,1
slightly,1
hospital,1
swindled,1
consulting,1
rationale,1
sketch,1
soo,1
gearing,1
bats,1
presidencia,1
deception,1
jane,1
understandably,1
deaf,1
landing,1
talents,1
county,1
ğŸ›¡,1
surveyusa,1
vivo,1
auditioning,1
noch,1
dol,1
ğŸ,1
wretched,1
exist,1
mediocre,1
gethim,1
marines,1
Ù,1
models,1
pivoting,1
enthused,1
guttural,1
apologizing,1
fears,1
neighbors,1
celebs,1
stimulator,1
grateful,1
hump,1
yards,1
keeping,1
locked,1
problemas,1
proposals,1
offering,1
photograph,1
spiritual,1
chichis,1
grump,1
designs,1
brigaded,1
pedo,1
heuabend,1
imagined,1
hazardous,1
impliqu,1
boost,1
jury,1
dweller,1
relitigate,1
french,1
fluke,1
bj,1
premise,1
alone,1
plantes,1
flames,1
get'r'done,1
bor,1
wherever,1
globalization,1
accomplished,1
openborders,1
carson,1
santa,1
julio,1
shaming,1
ğŸ˜…,1
propuestas,1
distancing,1
wrongs,1
films,1
australian,1
angels,1
smeared,1
thetop,1
teased,1
parks,1
1,422,1
thompson,1
behalf,1
local,1
ouestfrance,1
stimulating,1
havegiven,1
hitlery,1
agent,1
disfrutando,1
responsability,1
monitoring,1
ahab,1
fortunately,1
club,1
range,1
llega,1
pure,1
survivors,1
robarnos,1
ensure,1
product,1
cocktail,1
snp,1
geht,1
tories,1
deceive,1
sa,1
clarke,1
displayed,1
professors,1
kellyanne,1
ğŸ–•,1
differs,1
dilemma,1
hauts,1
awaiting,1
dreading,1
publicain,1
shakin,1
wasting,1
broadcasts,1
gold-leaf,1
entrada,1
barron,1
conquer,1
recap,1
qu,1
rattles,1
wont,1
osama,1
servant,1
roasts,1
aufeinandertreffen,1
increases,1
americanism,1
hinges,1
unloaded,1
verkauft,1
community-based,1
farce,1
walk-thru,1
antis,1
hillarybots,1
cabbie,1
microwave,1
excreted,1
rude,1
irony,1
interference,1
abide,1
suggesting,1
mail-in,1
unemployed,1
1995,1
carp,1
surburb,1
recordings,1
brooke,1
move-on,1
uniformed,1
aei,1
collapsing,1
yum,1
loretta,1
blind,1
xl,1
ltimos,1
rino,1
âš«,1
exists,1
district,1
joel,1
pretties,1
wrongdoing,1
mehr,1
larbin,1
unwaverng,1
gucke,1
espect,1
holder,1
television,1
mook,1
depressed,1
non-stop,1
spat,1
shakeup,1
buries,1
slap,1
alleg,1
comedian,1
dewars,1
uk's,1
lumps,1
objective,1
decorum,1
buffer,1
analyse,1
sheets,1
odour,1
lates,1
deductions,1
atlantic,1
typically,1
merit,1
ama,1
exchanging,1
masks,1
ridiculist,1
hustler,1
aint,1
emergency,1
bigots,1
swamped,1
lorenzo,1
law-and-order,1
outrage,1
commies,1
visual,1
contracts,1
cursing,1
subventionnent,1
portions,1
hedge,1
flicks,1
roadster,1
insulting,1
676,1
suspects,1
frustrated,1
sollten,1
yield,1
experience,1
skyline,1
recurren,1
oven,1
huckabee,1
afoul,1
kek,1
surgery,1
carefull,1
honestly,1
siter,1
janey,1
digest,1
affecting,1
limelight,1
legitimacy,1
supermarket,1
spare,1
tun,1
pens,1
lawn,1
libya,1
ğŸ™‹,1
gimmicks,1
sucia,1
briefing,1
comey,1
awards,1
1984,1
duty,1
spoil,1
cancer,1
bricks,1
deeds,1
hve,1
juvenile,1
cancel,1
associated,1
pod,1
unusual,1
rebuild,1
informed,1
concede,1
undermine,1
festering,1
chan,1
thousand,1
tantrum,1
wounds,1
covers,1
familias,1
instant,1
stacked,1
ãƒ©,1
amazon,1
capsule,1
brow,1
bot,1
donating,1
pap,1
bans,1
gentlemen,1
damon,1
downs,1
hideaway,1
muestra,1
dabei,1
kayleighmcenany,1
lemon,1
one-man,1
bane,1
gerrymandering,1
theater,1
d'souza,1
disagrees,1
usa's,1
evils,1
dijo,1
prowess,1
coordinate,1
ces,1
ick,1
bodies,1
nosferatu,1
morons,1
yrol,1
ãƒ—,1
touch,1
gespannt,1
unviable,1
momentum,1
moi,1
snark,1
pop,1
thenn,1
nr,1
dare,1
clan,1
condoleeza,1
reince,1
chung-chung,1
pole,1
miracle,1
facing,1
leute,1
interest,1
you'reoon,1
joking,1
politians,1
kolz,1
duration,1
bizarre,1
besser,1
hendry,1
abetted,1
basing,1
vale,1
boat,1
rethink,1
allegation,1
gvt,1
pts,1
supervillain,1
lawdhammercy,1
foxes,1
guy's,1
victimhood,1
chop,1
wolf,1
neighbor,1
centrar,1
deranged,1
oder,1
involvement,1
cent,1
homeless,1
centerstage,1
unisex,1
acknowledged,1
handles,1
totalitarian,1
decisivo,1
diana,1
alleges,1
hookers,1
tycoon,1
moulitsas,1
verbatim,1
c21st,1
sirve,1
illuminates,1
kontext,1
mommy,1
ğ—§,1
interiors,1
spamming,1
toda,1
vomit,1
jamaican,1
turnip,1
sleazy,1
viele,1
ai,1
youtube,1
ao,1
she'd,1
v22la,1
bollox,1
hybrid,1
espero,1
cesspool,1
fools,1
offered,1
aaaaaahh,1
kelley,1
operation,1
translated,1
accosted,1
parlementaire,1
it-scandal,1
manchurian,1
desesperados,1
waka,1
necesita,1
douchebaggery,1
crucial,1
beware,1
founded,1
antagonize,1
viability,1
messy,1
jezebel,1
griffin,1
depredador,1
ã‚«,1
thursday,1
guerras,1
presentation,1
data-driven,1
comercial,1
legendado,1
communities,1
cable,1
ge,1
invitado,1
switche,1
attaqu,1
vanilla,1
elhorizonte,1
benjamin,1
cookies,1
rufuses,1
design,1
lawyer,1
nba,1
conscience,1
ohne,1
consumers,1
ayudar,1
witnesses,1
learned,1
ma,1
5.4,1
mudslinging,1
inspired,1
niets,1
zucker's,1
sith,1
minutos,1
acorn,1
bogeyman,1
ãƒ³,1
abhorrent,1
parading,1
beginning,1
shite,1
orale,1
gestapo,1
lose-lose,1
thus,1
underperformed,1
faucet,1
Â»,1
converts,1
spontaneous,1
gotcha,1
pushes,1
dislikes,1
pone,1
greaseballs,1
creates,1
beef,1
showmanship,1
idaho,1
portray,1
remettre,1
kitty,1
frills,1
brands,1
ethics,1
lanka,1
fkn,1
seniors,1
ignores,1
pinochet,1
replied,1
infant,1
ï¾‰,1
bcuz,1
scott,1
filters,1
wiping,1
airing,1
arrogant,1
ğŸ±,1
26,1
heros,1
van,1
founders,1
altes,1
motivated,1
concentrating,1
newsflash,1
sweeping,1
excruciating,1
cell,1
scaramanga,1
altering,1
intolerable,1
ğŸ˜ƒ,1
1300,1
exorbitant,1
hive,1
inflict,1
windstorm,1
beyonc,1
Ø£,1
wwiii,1
flame,1
defy,1
outrageous,1
disobedience,1
dit,1
octagon,1
herridge,1
turnout,1
bash,1
cheers,1
wstr-db,1
blossom,1
unattractive,1
barber,1
empez,1
fancy,1
shilling,1
financing,1
inexcusable,1
warming,1
mama,1
master,1
founder,1
store,1
dal,1
juste,1
immediate,1
tivo,1
jordan,1
cyber,1
explodes,1
self-awareness,1
salena,1
indicators,1
outta,1
br,1
ğŸ˜™,1
concentration,1
adrift,1
parece,1
analogy,1
kim,1
perteneci,1
park,1
staffers,1
77,1
inability,1
miserly,1
charm,1
i'ma,1
flocka,1
madmen,1
off-perpetually,1
destruct,1
altered,1
ruiefe,1
barrel,1
cereal,1
fixated,1
dollar's,1
relation,1
headlines,1
usando,1
03.00,1
backtracking,1
reminiscent,1
keychain,1
northern,1
paranoid,1
schon,1
cuck,1
cuomo,1
antithetical,1
vandalized,1
invoke,1
dependent,1
trees,1
deleting,1
mahal,1
frightening,1
intgrty,1
badge,1
hannity,1
ğŸ˜¿,1
seventeen,1
predicts,1
sec,1
aims,1
bari,1
idiota,1
2.1,1
testigo,1
expert,1
rejecting,1
various,1
yavapai,1
Ø·,1
environmentalists,1
intolerant,1
unstoppable,1
dang,1
spray,1
enabler,1
deserved,1
anyone's,1
stiffing,1
flies,1
groups,1
logged,1
loan,1
spotting,1
counterpunch,1
brics,1
suppoeters,1
protestieren,1
personales,1
empty,1
kathy,1
ukraine,1
versa,1
mundo,1
evangelical,1
sidentiel,1
iyi,1
hilariously,1
institute,1
bikini,1
transcripts,1
huffington,1
cartoonist's,1
ovomit,1
von,1
espera,1
redacted,1
suspended,1
rip,1
moffitt,1
payers,1
olarak,1
examine,1
dude's,1
erstes,1
ideologies,1
listos,1
rules,1
discredit,1
horrific,1
resulting,1
proved,1
zito,1
leopard,1
henchmen,1
decency,1
brokaw,1
wheres,1
embarass,1
anti-christian,1
dnc's,1
massage,1
traffic,1
ğŸ—½,1
dangerously,1
inmigraci,1
sembra,1
vigilant,1
nuthin,1
crying,1
reinstate,1
ridiculously,1
forces,1
lacking,1
prefer,1
stagnant,1
å·,1
hurling,1
xst,1
beatable,1
lostinvegas,1
signal,1
safest,1
circles,1
1320,1
unfazed,1
lips,1
shareeeee,1
overcompansating,1
describing,1
pel,1
degree-heat,1
scalp,1
crony,1
cuckservative,1
236,991,525,500.74,1
forward-thi,1
beverly,1
wells,1
lyrics,1
dictated,1
candy,1
jst,1
wrecking,1
binarian,1
goodb,1
greets,1
d'obama,1
whipping,1
plenty,1
abusive,1
invading,1
martinez,1
contributor,1
dissenting,1
proudly,1
train-wreck,1
milne,1
germans,1
ğŸƒ,1
farm,1
wondering,1
teach,1
whines,1
ğ——,1
misfires,1
loopholes,1
impt,1
froths,1
uk,1
alarm,1
raging,1
influence,1
reopening,1
obtuse,1
advi,1
ğŸ˜›,1
riot,1
excused,1
joan,1
reeducation,1
tits,1
wishing,1
noche,1
mooky,1
brecxit,1
41.3,1
drag,1
evan,1
oregon,1
prepares,1
highlighting,1
fighter,1
depth,1
ex-gf,1
2004,1
corpse,1
left-leaning,1
gq,1
unel,1
edt,1
dunk,1
theorist,1
hypocrititcal,1
doer,1
citing,1
fences,1
ğŸ’‹,1
kaput,1
customer,1
stocked,1
rhyme,1
20.000,1
slogan,1
snide,1
evn,1
wench,1
pt-br,1
pleas,1
gripping,1
abortion,1
carly,1
uncomfortable,1
critiqu,1
ğŸ˜,1
reviews,1
doesn'tcare,1
rate,1
pipes,1
seconds,1
eating,1
praise,1
pierdan,1
onion,1
ler,1
laughs,1
dictators,1
licence,1
lorrrrrrd,1
downvote,1
sind,1
nites,1
ğŸ¤‘,1
talent,1
tambi,1
stairs,1
35,1
justice,1
cert,1
residents,1
wig,1
quem,1
casualty,1
baskets,1
oval,1
confidence,1
crevasse,1
blowjobs,1
humildad,1
dreams,1
sort,1
facist,1
supposedly,1
absolved,1
sehen,1
papa,1
bullhorn,1
losin,1
billed,1
wackos,1
animals,1
slaps,1
purtroppo,1
recession,1
column,1
ğ—³,1
arps,1
guliani,1
plug,1
tan,1
texas,1
trumpet,1
terminara,1
ideology,1
educational,1
stole,1
campers,1
hampshire,1
babble,1
sie,1
v-o-t-e,1
especial,1
bgnews,1
roll-back,1
tact,1
ronald,1
evry,1
klan,1
dogfight,1
pocket,1
back-ground,1
arrow,1
chief,1
arrived,1
writ,1
0.3,1
necklace,1
istheracist-antiamerican-sexist,1
secured,1
familia,1
theft,1
anon,1
oral,1
directv,1
spank,1
religious,1
dt,1
lv,1
alvarado,1
surrounds,1
settlers,1
anuncia,1
warhawk,1
verifying,1
anarchists,1
eu7,1
meth,1
fondle,1
tabloid,1
diehard,1
rightttt,1
ğŸ˜³,1
insultan,1
southern,1
undressing,1
deman,1
greedy,1
ban,1
qui,1
drowning,1
buenos,1
ruins,1
hitched,1
austin,1
strictly,1
improving,1
fatigu,1
blows,1
quality,1
heroes,1
calledbernie,1
grandpa,1
july,1
permanently,1
colleagues,1
bubble,1
riches,1
lion,1
patients,1
gays,1
india,1
exhibit,1
1.6,1
ğŸ˜—,1
villainy,1
schreiben,1
ğŸ¤—,1
ystd,1
demonstration,1
hangover,1
servidor,1
fultoncounty,1
korean,1
defensing,1
aww,1
whn,1
amongst,1
there'd,1
intrinsic,1
prophecies,1
open-carry,1
americanos,1
repeated,1
psychological,1
stuns,1
queston,1
sparks,1
dontthink,1
jan,1
massively,1
letzte,1
communist,1
nocaut,1
succeeded,1
michigan,1
ğŸ“›,1
viel,1
extremists,1
shd,1
d'souza's,1
ğŸ˜½,1
requirement,1
ğŸ˜‡,1
sesso,1
flashbacks,1
unearth,1
sehr,1
puts,1
nationwide,1
partisan,1
cruel,1
unravel,1
mejores,1
recipe,1
antics,1
deba,1
maga,1
potuss,1
marty,1
slimeball,1
__roger,1
tiffany,1
ll,1
commend,1
dedication,1
maximize,1
monstrosity,1
undecideds,1
genetic,1
nnoy,1
pity,1
controlled,1
wurde,1
painted,1
troisi,1
improved,1
reiterates,1
msnbc,1
present,1
â˜‘,1
novem,1
loophole,1
runway,1
rbo,1
ğŸ‡³,1
pourquoi,1
handwriting,1
halfwits,1
terrifically,1
revival,1
vt,1
swinging,1
claimed,1
womensupporters,1
dan,1
slave,1
context,1
infinite,1
shamed,1
weld,1
purposefully,1
inmigrant,1
retiring,1
dl's,1
newest,1
ğŸ‰,1
yall,1
tch,1
acountable,1
tone,1
liberal's,1
musulman,1
ammendment,1
gleich,1
nato,1
vain,1
branch,1
pro-clinton,1
haut,1
five,1
racists,1
turn-out,1
preparando,1
dogging,1
nticos,1
ideals,1
lola,1
empire,1
spiraling,1
win't,1
avoid,1
mementos,1
moderated,1
forgiven,1
lacras,1
chains,1
enuf,1
benefitted,1
murderer,1
revelaciones,1
multitudes,1
disregard,1
hillaryclinton,1
loans,1
x12,1
gained,1
sister,1
dicen,1
angeles,1
selvaggio,1
tongue,1
equally,1
mfers,1
libertarians,1
chels,1
catherine,1
socks,1
included,1
doosje,1
hitting,1
flynt,1
trumptrain,1
charisma,1
accountant,1
brawler,1
chunk,1
certificate,1
delivery,1
catwalk,1
garbage,1
tricks,1
rump,1
rightly,1
entering,1
int,1
cpd,1
dura,1
margins,1
rumors,1
family-press,1
48,1
ğŸ˜±,1
hilliery,1
nhs,1
oportunidad,1
junk,1
in2,1
anthony,1
slatorite,1
opera,1
imbecilidad,1
volumes,1
gadhafi,1
interrorgatories,1
doubts,1
asian,1
flyer,1
consu,1
spew,1
spanish-speakers,1
mistakes,1
345,1
edward,1
pdt,1
barley,1
side-by-side,1
costume,1
disinfo,1
emts,1
ğŸ™€,1
congresswoman,1
step-son,1
cite,1
head-to-head,1
off-base,1
oooh,1
markos,1
jeff,1
advocate,1
bo,1
miller,1
mail,1
holocaust,1
âœŠ,1
reject,1
ğŸ˜,1
writing,1
pissy,1
thunder,1
als,1
lights,1
omarosa,1
med,1
bi,1
feeding,1
pentangeli's,1
sexua,1
confronts,1
ğŸ˜¤,1
sociopaths,1
kudos,1
credentials,1
attending,1
prattle,1
climbed,1
eh,1
mentor,1
someone's,1
schooling,1
haved,1
chocantes,1
stern,1
amish,1
plot,1
mexico,1
rwanda,1
sabes,1
survive,1
mwf,1
snowden,1
danced,1
relax,1
pic,1
pulitzer,1
ripley,1
taunts,1
1998,1
movies,1
tocca,1
canu,1
debriefer,1
akin,1
âŠ‚,1
â–º,1
honed,1
overheard,1
sleeper,1
preparadas,1
absolute,1
misery,1
pizza,1
minority,1
een,1
supercuts,1
objectively,1
thankyou,1
suing,1
ghostwriter,1
padre,1
alienate,1
pronuncien,1
masculinity,1
s-midi,1
belong,1
banlieue,1
voight,1
sane,1
12.8,1
junior,1
hinterland,1
reprises,1
highlights,1
production,1
victorious,1
eventually,1
culos,1
rocks,1
victories,1
volcano,1
higher,1
meal,1
milwaukee,1
genocidal,1
joke-i,1
taught,1
ataques,1
realtime,1
yt,1
perception,1
deceived,1
bldg,1
carried,1
aisle,1
rows,1
errrybody,1
hahn,1
marcus,1
broken,1
cleaning,1
wash,1
obey,1
wasn,1
fauxcahontas,1
dritten,1
specially,1
rejects,1
tullius,1
Ø®,1
listed,1
gun-free,1
lunatics,1
organizations,1
kno,1
anchor,1
defaulted,1
sincerity,1
abandoning,1
medi,1
target,1
simplets,1
komen,1
durin,1
nations,1
isaiah,1
joy,1
readtheleakedemails,1
kta,1
lulz,1
rewrite,1
referred,1
forgive,1
strength,1
academic,1
subjects,1
luxury,1
shining,1
dragged,1
memory,1
steven's,1
victoria,1
involving,1
poderlatinontn,1
nerds,1
doe,1
sun,1
deferred,1
pu,1
ttip,1
probe,1
ending,1
participate,1
soldier,1
sugar,1
gods,1
honda,1
25,000,1
spirit,1
du,1
ds,1
rebirth,1
barry's,1
neu,1
bas,1
covering,1
rmektense,1
shouldnt,1
stepford,1
duck,1
plug-in,1
pushed,1
decided,1
w8,1
cheapskate,1
cleansing,1
inappropriate,1
lotr,1
irs,1
globalism,1
score,1
discovers,1
drawn,1
bleach,1
glasgow,1
warrior,1
wd,1
pussy's,1
dumber,1
zebra,1
donnie,1
frump,1
eels,1
damned,1
whistles,1
condescending,1
comprehension,1
petty,1
buffett,1
commission,1
ã‚¢,1
vigilance,1
Ù‚,1
moody's,1
fess,1
slo-mo,1
gracias,1
ğŸ˜’,1
appeals,1
document,1
spectacle,1
madams,1
dig,1
ğŸ¤,1
format,1
minsk,1
helpful,1
comentarios,1
detest,1
dillinger,1
cyberwar,1
opting,1
reruns,1
palpable,1
terribly,1
evening's,1
priebus,1
presto,1
Ã´,1
shamelessly,1
unable,1
infinitely,1
advancement,1
bis,1
nwo,1
mrw,1
righteous,1
canuks,1
registered-democrat,1
posibilidad,1
advances,1
skillja,1
boxer,1
etiquette,1
puntos,1
ausbeuter,1
asylum,1
plastrd,1
apart,1
launchpad,1
mit,1
notorious,1
peut-il,1
prepping,1
bonkers,1
jill,1
escape,1
fiduciary,1
bord,1
auch,1
rolaids,1
ich,1
normal,1
forcing,1
creative,1
honesty,1
foi,1
flaps,1
marketing,1
predicting,1
1600,1
trajectory,1
flinching,1
aboard,1
disqualifies,1
misleading,1
intimida,1
nixon,1
donates,1
luge,1
handsy,1
rendering,1
polite,1
methods,1
fabric,1
editor,1
impassioned,1
wat,1
phlegmy,1
cosby,1
attempted,1
illuminating,1
leider,1
incoherent,1
grouping,1
powder,1
pese,1
glitche,1
theunited,1
peso,1
retire,1
anew,1
skilljo,1
kaine,1
lately,1
chanced,1
sidestep,1
biden,1
guessed,1
lindapj,1
ğŸ†š,1
digital,1
bossie,1
delivered,1
millennial,1
phony,1
bient,1
aware,1
cheated,1
bollocks,1
withhold,1
corleone,1
urinary,1
concept,1
skit,1
idealistic,1
llt,1
selbst,1
covered,1
poetry,1
politicizing,1
ves,1
humility,1
telegraph,1
pondered,1
wallets,1
lynch,1
stays,1
lohan,1
apartheid,1
accidentally,1
insights,1
spent,1
porn,1
corner,1
trickledown,1
drinks,1
resurgence,1
palin's,1
presidential-plz,1
releaseepic,1
thiel,1
corporation,1
filmed,1
shared,1
widening,1
310,1
sniiffff,1
pueblo,1
d'angelo,1
lifezette,1
wilkes,1
shootings,1
scorching,1
cc'd,1
billonario,1
bloody,1
sincerely,1
lover,1
747,1
disappoint,1
fairfield,1
sessions,1
steak,1
clue,1
drown,1
observations,1
warthog,1
cicero,1
graphic,1
anti-trump,1
pretend,1
ambos,1
albright,1
cab,1
codi,1
rememberjfk,1
mirrors,1
choke,1
abort,1
bullshitting,1
productive,1
infantile,1
sudden,1
behave,1
elephant,1
peerless,1
insecurities,1
disgusted,1
messaging,1
adviser,1
ğ—¨,1
schakowsky,1
ida,1
shield,1
haircut,1
130,1
remmber,1
indoctrinated,1
haughty,1
jim,1
listing,1
combustion,1
doll,1
rock,1
injury,1
nick,1
presser,1
crushing,1
ceta,1
requesting,1
teatro,1
classy,1
pedophile,1
factory,1
vandalize,1
instructions,1
wisest,1
lgbtq,1
dumbfound,1
egotistical,1
get's,1
flying,1
airline,1
zac,1
stg,1
509,1
city,1
llegar,1
remotely,1
alabamians,1
llegan,1
garner,1
privately,1
perino,1
cad,1
accurately,1
recoge,1
nohillary,1
gangster,1
92,1
gobble,1
tastiest,1
briefs,1
pond,1
disruptors,1
seal,1
emboldening,1
gab,1
portrait,1
sar,1
ğŸ˜ ,1
d'infos,1
coal,1
putin's,1
ğŸ’ª,1
puxxxxxxxxcc,1
firebombed,1
invoked,1
robertbyrd,1
pages,1
removed,1
drive,1
neg,1
fille,1
contradict,1
pattern,1
lindsay,1
who'll,1
desperately,1
dissecting,1
urge,1
mince,1
estoy,1
shoe,1
forecast,1
aside,1
madeline,1
ğŸ˜¼,1
carolina,1
bridge,1
un-american,1
facebook-seite,1
cannon,1
define,1
distortion,1
builds,1
lame,1
miles,1
llamado,1
espa,1
actively,1
staunch,1
underpaid,1
detect,1
custtomers,1
disses,1
lays,1
infrastructure,1
august,1
fearless,1
analyzes,1
whoa,1
tripped,1
mans,1
ğŸ˜ˆ,1
talented,1
ballpark,1
jo,1
african-americans,1
pakistan,1
buttercup,1
arius,1
mandate,1
nobel,1
dereliction,1
mulatto,1
placefake,1
dumping,1
datyh,1
wobbly,1
lpl,1
prurient,1
confessions,1
wobble,1
hillarity,1
allebei,1
denuncias,1
dispara,1
backoff,1
32,1
countless,1
meaningless,1
porcentuales,1
docs,1
cast,1
tragedy,1
nyaya,1
ein,1
punches,1
donors,1
secondary,1
thrilla,1
stringent,1
insolite,1
soir,1
obnoxious,1
coverup,1
ğŸ‘„,1
suplex,1
outdoor,1
damos,1
apologist,1
seeking,1
econom,1
mandato,1
atleast,1
duiveltje,1
ni,1
you-don't,1
bac,1
devoid,1
ğŸ´,1
one-by-one,1
despatched,1
vulgares,1
vannacht,1
rden,1
renta,1
scumbags,1
nc,1
frankie,1
appel,1
dawned,1
bumptious,1
everyone's,1
tht,1
vsatellite,1
tyelor,1
billion-much,1
sump,1
mon,1
christe,1
accepted,1
cha,1
apple,1
intel,1
61,1
phones,1
greeting,1
repostapp,1
predicition,1
hacks,1
shallow,1
demeaning,1
roses,1
wrongly,1
motherfucker,1
o'clock,1
itching,1
superb,1
habr,1
dismantled,1
evolve,1
dieu,1
commence,1
ol,1
son-in-law,1
culo,1
sri,1
indiana's,1
muslims,1
saul,1
bitty,1
lands,1
snapback,1
investigative,1
alas,1
bought,1
sociopath,1
ğŸ˜²,1
condone,1
allah,1
frank,1
razzie,1
ended,1
gore,1
cycle,1
monopoly,1
vice,1
avec,1
abuses,1
keine,1
hosted,1
watcher,1
moves,1
teeth,1
kabc,1
hasnt,1
pensive,1
valiste,1
defaced,1
2001,1
stumbles,1
reassurance,1
1440,1
insultos,1
78,1
ely,1
diablo,1
woohooooo,1
max,1
2009,1
assets,1
ãƒª,1
nail-biting,1
adam,1
abounds,1
redux,1
minister,1
anarchy,1
represent,1
roi,1
caused,1
sandratxas,1
lack,1
ğŸˆ,1
sunk,1
cula,1
forged,1
welfare,1
canci,1
careful,1
referring,1
molesting,1
equivalence,1
foster,1
smile,1
anti-psychotics,1
ta,1
disloyal,1
expectativa,1
finance,1
bisher,1
wantsrefugeesproperlyvetted,1
vu,1
saudi,1
btfo,1
blackout,1
employing,1
caitlyn's,1
foxnews,1
heights-where,1
toilet,1
darkness,1
resume,1
anniversary,1
campa,1
dokume,1
edited,1
wud,1
arg,1
selective,1
vanavond,1
table,1
bible,1
naval,1
marijuana,1
hearts,1
prior,1
pitfalls,1
horrified,1
ana,1
dismiss,1
chernobyl,1
trumpsters,1
impeached,1
rum,1
methodically,1
reeeally,1
pulls,1
cxl'd,1
gosh,1
honing,1
injure,1
bipartisan,1
liber,1
generate,1
n-word,1
raft,1
Øº,1
flap,1
parasite,1
relevant,1
protestor,1
hubris,1
dios,1
tees,1
presumed,1
wagon,1
dramatically,1
self-implode,1
treaty,1
dee,1
taunt,1
not-so-great-pumpkin,1
snuck,1
staten,1
oddsmakers,1
charged,1
dissemble,1
swung,1
wisely,1
discusses,1
thumbs,1
pro-weed,1
loving,1
option,1
dismisses,1
nation's,1
fa,1
fk,1
abe,1
meat,1
grande,1
resorts,1
backfire,1
objectifying,1
gridlock,1
projection,1
attended,1
bezahlt,1
Ø¸,1
paths,1
underestimate,1
cst,1
tightening,1
temperment,1
odia,1
10000000,1
complain,1
celerity,1
techniques,1
clintondebate,1
goofy,1
masken,1
difficult,1
perdi,1
howard,1
organised,1
research,1
protestan,1
lord,1
inquirer,1
brothereverybody,1
ğŸ˜Š,1
timeline,1
houses,1
believ,1
watcht,1
unique,1
lelijke,1
predebate,1
je,1
syria,1
irred,1
beholding,1
flood,1
ability,1
lamas,1
brave,1
causing,1
bfor,1
presidente,1
revive,1
lisetta,1
spock,1
dealing,1
contro,1
companions,1
untitled,1
interviewed,1
kitchen,1
required,1
amores,1
grace,1
fred,1
pc,1
enfrenta,1
âš”,1
lewandowski,1
witchcraft,1
outstanding,1
ultra,1
gasket,1
cheer-leading,1
zw,1
refute,1
blanca,1
republicano,1
duped,1
mx,1
donor,1
youre,1
terza,1
kan,1
yawn,1
exes,1
gope,1
ğŸ¤˜,1
65,1
peasy,1
sometimes,1
wore,1
87.2,1
stalked,1
affairs,1
kellyannepolls,1
scorched,1
sup,1
canalla,1
portfolio,1
1912,1
iranian,1
flesh,1
somebodysaypussy,1
factor,1
apprentice,1
gains,1
express,1
sensible,1
ada,1
dose,1
gef,1
chick,1
crucifying,1
libtards,1
rodham,1
activity,1
op,1
conflating,1
ğŸ’€,1
vind,1
angio,1
bethlehem,1
knees,1
vitaminq,1
chart,1
currently,1
oz,1
birds,1
mutes,1
jajajajaj,1
jeden,1
stretcher,1
mondiale,1
particular,1
hill,1
votin,1
mobs,1
servilmente,1
phonies,1
ozwort,1
jay's,1
coincidence,1
unelectable,1
medios,1
church,1
dobbs,1
ps,1
implosion,1
suburbs,1
skewing,1
threaten,1
resting,1
lived,1
champion,1
silenced,1
yeesh,1
socal,1
propping,1
what'd,1
proyectos,1
underwater,1
forgetting,1
alamo,1
cubs,1
irgendwas,1
ducks,1
votera,1
ric,1
wretch,1
notch,1
tercera,1
wmur,1
violets,1
zou,1
elenoire,1
fatty,1
levels,1
user,1
contractors,1
invest,1
ab,1
stack,1
canned,1
huffpostblog,1
server,1
lmaoo,1
prize,1
confirm,1
coup,1
opinar,1
yoplait,1
readers,1
surprises,1
education,1
arriba,1
testimonies,1
guarantees,1
remaining,1
useless,1
enable,1
perosnally,1
insert,1
brit,1
terrorize,1
budging,1
ğŸš€,1
platicarnos,1
ah,1
ambas,1
distorting,1
politifact,1
mid,1
peu,1
pew,1
eliminate,1
google's,1
ba,1
hypocritical,1
lu,1
jazzy,1
twenty,1
gmab,1
luis,1
temper,1
ğŸ‘¼,1
stricken,1
ballgame,1
italian,1
devaluation,1
nsa,1
dvrs,1
ğŸ˜–,1
statistics,1
bangladesh,1
globalists--dems,1
placing,1
dodgers,1
yuana,1
eminems,1
elsewhere,1
dummy,1
poster,1
inept,1
hoped,1
boys,1
cet,1
apricot,1
uh,1
fey,1
adults,1
do-or-die,1
unraveling,1
cure,1
whined,1
shaky,1
matching,1
know-nothing,1
intelligence,1
00.00,1
theil's,1
claus,1
runng,1
bcos,1
dint,1
walk-through,1
leahr,1
tnite,1
newvideo,1
buzzwords,1
cobalt,1
gd,1
freakin,1
rebels,1
jusqu'au,1
fraude,1
bind,1
baron,1
hunger,1
grass,1
arrogance,1
culinary,1
rall,1
senators,1
genius,1
deniro,1
maar,1
apesh_t,1
assad,1
framing,1
bernie's,1
raccous,1
tema,1
damning,1
overpass,1
cap,1
media's,1
scientist,1
muammar,1
cartel,1
scientific,1
labour,1
djt,1
indian,1
simon's,1
ex-tv,1
god's,1
search-marketing,1
foval,1
mindset,1
college-ed,1
34,1
suggests,1
bill's,1
youtuber,1
repudiation,1
taxman,1
outcomes,1
distractions,1
âœ”,1
buildning,1
breakup,1
debbie,1
comparison,1
trail,1
opposing,1
nephew's,1
mansplained,1
tearing,1
charity,1
reducing,1
jailed,1
meer,1
ğŸ˜¾,1
kellyanneconway,1
effectively,1
desart,1
king's,1
mumps,1
vintage,1
politica,1
fart,1
legality,1
verschnitten,1
incessant,1
realizes,1
grace's,1
directo,1
struggles,1
gender,1
falsely,1
decay,1
unreal,1
mental,1
2014,1
post-debate,1
non-invasive,1
ruined,1
affiliation,1
swore,1
warmongers,1
snake,1
lleva,1
kindness,1
be-all,1
waynedupreeshow,1
tendies,1
ğŸ’–,1
nfl,1
wdfx,1
blitzer,1
sufficiently,1
theory,1
mode,1
invitees,1
glasses,1
oub,1
funds,1
skank,1
â†’,1
measure,1
83,1
desert,1
plaything,1
rec,1
granddaughter,1
hucksters,1
cambia,1
ğŸ’š,1
mir,1
relatable,1
nuke,1
bothered,1
princess,1
dylan,1
concretas,1
overthrow,1
removal,1
gallina,1
shred,1
bootlick,1
mankind,1
embarrasses,1
epitomised,1
ethnic,1
reached,1
realistically,1
bull,1
einstein,1
Ã®,1
ashame,1
gear,1
larger,1
regards,1
deadset,1
stumping,1
males,1
wet,1
anxiously,1
lamborghini,1
drunk,1
airforce,1
julian,1
hashtags,1
teenagers,1
vamos,1
trumptv,1
brotherhood,1
soap,1
pus,1
accuracy,1
wha,1
esfuerzos,1
deploy,1
crawling,1
scenes,1
whi,1
trumpstep,1
grievance,1
titula,1
rice's,1
stranded,1
absurd,1
wounded,1
idiocy,1
soldiers,1
restroom,1
arabian,1
soros-connected,1
beatles,1
scandalous,1
dumbing,1
subscrptn,1
excellerates,1
nearly,1
gray,1
conclusion,1
upper,1
arteries,1
absolutamente,1
throughout,1
ohio,1
untrue,1
edition,1
driveway,1
refrained,1
closes,1
vilify,1
grises,1
quickest,1
faith-based,1
janet,1
ãƒˆ,1
sho,1
agencies,1
geesh,1
approval,1
garden,1
blijft,1
trips,1
busted,1
catastrophic,1
empowering,1
disenfranchised,1
conclude,1
invasive,1
sleaziest,1
modeling,1
eviscerates,1
wide,1
outsider,1
sara,1
2018,1
describe,1
untempted,1
meritorious,1
szego,1
mannequin,1
volunteer,1
ğŸ˜,1
cvg,1
uit,1
demo,1
vo,1
woot,1
g4,1
rhetorical,1
councilman,1
coronary,1
serving,1
helicopters,1
backfoot,1
ğŸ˜š,1
microsoft,1
flair,1
oleos,1
bald,1
novela,1
robotic,1
goad,1
illogical,1
tokyo,1
raping,1
records,1
lapdog,1
350,1
reimburse,1
restore,1
gallup,1
madam,1
j'ai,1
cabo,1
souza,1
joining,1
protecting,1
cigarette,1
politique,1
quiere,1
ğŸ˜¸,1
handy,1
attractive,1
conspires,1
definitiva,1
ten-fold,1
tica,1
immediately,1
hollow,1
incredibly,1
spanisch,1
tennessee,1
polit,1
shabby,1
ugh,1
flagrant,1
wing-nuts,1
werk,1
chocolate,1
tmw,1
ï¸¶,1
assuming,1
launch,1
earrings,1
whacko,1
ora,1
silencing,1
pressure,1
shaggy's,1
polls-only,1
drives,1
tweeters,1
toomey,1
label,1
surge,1
seeds,1
sighting,1
saddens,1
arrogantly,1
modo,1
software,1
bald-stream,1
skates,1
cleared,1
skeptical,1
daddy,1
herramienta,1
controfferta,1
wouldn,1
nacionales,1
a2,1
jugular,1
squeezy,1
granny,1
georgia,1
selfish,1
hosting,1
po,1
undecide,1
flughafen,1
cmon,1
pie,1
sibling,1
recuerda,1
unwatchable,1
anticipating,1
47,1
assorted,1
suppress,1
m-oh,1
blowhard,1
traumatic,1
outlets,1
1789,1
basement,1
designers,1
wifi,1
choices,1
vuoi,1
ğŸ˜º,1
abhor,1
tanking,1
