Clinton,41197
Trump,19311
debate,10150
clinton,5193
trump,4339
Debate,3887
Hillary,2914
debates,2786
PresidentialDebate,1837
Debates2016,1835
debatenight,1466
HILLARY,1077
debate2016,1041
FoxNews2016,998
CNN,896
Syria,774
HillaryClinton,763
MoreElectableThanTrump,756
CLINTON,733
GOP,708
USA,702
DebateNight,648
WakeUpAmerica,613
NeverHilary,571
BlackLives,570
BlackVotes,570
DonaldTrump,551
Obama,527
cnn,510
Debates,507
ClintonVsTrump,498
Trump2016,453
MAGA,441
PodestaEmails,438
Wikileaks,423
poll,403
Election2016,378
TRUMP,374
Sanders,364
Bill,356
TrumpVsClinton,348
Hillary2016,329
Bernie,320
hillary,317
HilaryClinton,306
ClintonEmails,302
debates2016,297
TrumpTapes,294
Russia,294
BigLeagueTruth,290
ClintonCash,276
ISIS,273
imWithHer,271
imwithher,265
ImWithHer,251
GaryJohnson,246
ABC,241
Giants,232
Benghazi,226
VOTE,224
results,224
ALDS,222
FL,222
NuffSaid,221
Raiders,221
TX,220
Cubs,219
ATLvsDEN,219
Poll,217
Donald,211
politics,207
Debate2016,206
US,202
TrumpvClinton,182
election2016,182
StrongerTogether,177
NeverHillary,177
WhiteHouse,176
elections2016,174
pédophile,165
fille,165
WikiLeaks,165
Merkel,162
RedactedTonight,160
maga,158
wikileaks,157
NBCNews,157
Reuters,157
PresidentialElection,151
AMJoy,149
USPresidentialDebate,149
ClintonFoundation,140
AP,140
SkyConfrontoUSA,139
Vote,138
CBSNews,136
TrumpTrain,134
Boom,134
America,133
FoxNews,129
POTUS,127
debatedrinking,125
Canale50,125
news,124
MSM,120
debatepresidencial,116
MSNBC,116
hillaryclinton,114
galaxynote7,113
FBI,112
POLL,111
Scandals,106
election,105
Podesta,104
TPP,104
TrumpPence,103
USA2016,102
JillStein,102
vote,101
Maga,101
Live,100
YouTube,99
TrumpPence16,98
usa,98
Yemen,97
BernieSanders,92
presidentialdebate,92
CrookedHillary,90
follow,89
Republicans,88
tcot,84
SundayMorning,84
Latino,84
Democrats,84
Periscope,82
Latinos,82
President,80
leaks,78
USElections2016,77
DEBATE,75
BillClinton,75
DNC,74
Funcionarios,73
Venezolanos,73
PresidentialElection2016,72
HillaryVsTrump,72
Assange,72
job,71
Rape,70
Obamacare,69
Energy,69
hispanos,69
president,67
Breaking,67
WallStreet,67
Hiring,66
American,65
UltimOra,65
FollowTheMoney,63
Clintons,63
NBC,63
EEUU,63
Johnson,62
OpenBorder,62
media,62
Muslims,61
FeelTheBern,61
messiah,61
Haiti,60
Aleppo,60
donaldtrump,60
DebateNightInAmerica,59
CareerArc,59
Broaddrick,59
ClintonKaine2016,56
Bush,55
factcheck,55
Defeat,54
rape,53
sex,53
Putin,52
USDebate,52
EleccionesEEUU,51
Media,51
UniteBlue,50
China,50
podestaemails,50
obama,50
podesta,50
women,50
2016election,49
JillNotHill,49
MakeAmericaGreatAgain,48
ThisWeek,48
imwithyou,48
Rapes,48
emails,48
TrumpWon,47
cnnsotu,47
TrumpTape,47
WIKILEAKS,47
TeamDL,47
BREAKING,46
Women,46
foxnews,45
campaign,44
NeverTrump,44
justiceforjuanita,44
trump2016,43
Pence,43
Kaine,43
coalminers,43
Donald_Trump,43
Israel,42
PayToPlay,42
TrumpPence2016,42
trumpvideo,42
Corrupt,41
nevertrump,41
rapist,41
USElection,41
Ohio,40
News,40
polls,40
Syrie,40
trumptapes,40
AndersonCooper,39
Debatenight,39
MSMbias,39
HillaryLost,38
HRC,38
JusticeForJuanita,38
Comey,37
ImVoting4JillBecause,37
taxes,37
Destino2016,37
Assad,37
Election,37
VoteTrump,36
debatetonight,36
EtatsUnis,36
SaudiArabia,36
LaCasaBianca,36
Google,36
Politics,36
trumpscandal,35
Deplorables,35
presidential,35
Soros,35
corruption,35
CBS,35
KathyShelton,34
RNC,34
dncleaks,34
Hilary,34
DIRECT,34
Deutschland,33
JimmyTheWeasel,33
snf,33
Stein,33
Imwithher,33
Protesters,33
neverhillary,33
Mafia,33
Usa,32
ac360,32
BecauseYoudBeInJail,32
Trumps,32
EmailScandal,31
synergology,31
NRA,30
truth,30
clinton2016,30
children,30
Warren,30
TrumpStrong,29
BordersClosed,29
Lincoln,29
democrats,29
StopIslam,29
Usa2016,29
pussygate,28
Libya,28
NeverForget,28
POTUS2016,28
Corruption,28
Taunt,28
LCImatin,28
Iraq,28
VotoLatino,28
BillClintonIsaRapist,27
hilary,27
SkyConfrontoUsa,27
JuanitaBroaddrick,26
JulianAssange,26
TEXAS,26
Jobs,26
Lewinsky,26
deathsentence,26
IRONIC,26
DEATH,26
YOUNG,26
Russie,26
SCOTUS,26
Muslim,26
ROW,26
DeLoUltimo,25
Black,25
warcrimes,25
ccot,25
neverHillary,25
DebateCNN,25
Moderators,24
Job,24
trumptrain,24
TrumpLies,24
trumptape,24
RAPIST,24
Republican,24
BasementDwellers,24
Emails,24
2A,24
VPDebate,24
trumpvsclinton,23
HumaAbedin,23
Isis,23
snopes,23
benghazi,23
HillarysHuma,23
HillaryEmails,23
democrat,23
billclinton,23
Hospitality,23
SNL,22
Presidential,22
sniffles,22
DebatePoll,22
msnbc,22
debatepolls,22
WW3,22
Liar,22
ACA,22
CLinton,22
video,22
2ndpresidentialdebate,22
Matthew,22
DumpTrump,22
dumptrump,22
funny,22
PresidentialDebates,22
thefly,21
donald,21
GoldmanSachs,21
words,21
Americans,21
gop,21
dickmorris,21
hiring,21
townhall,21
movie,21
Decision2016,21
ClintonKaine,21
2ndAmendment,21
BirtherMovement,20
SupremeCourt,20
BillClintonIsARapist,20
Florida,20
cdnpoli,20
trumpwon,20
Iran,20
Usdebate,20
america,20
abc,20
hillary2016,20
healthcare,20
second,19
StLouis,19
Cooper,19
fox,19
presidentialdebate2016,19
CommanderInChief,19
RINOs,19
TrumpVSHillary,19
DinnerandDebateJA,19
cbsnreax,19
Siria,19
tvduell,19
fox10phoenix,19
bush,18
Syrian,18
facts,18
Flugverbotszone,18
siriano,18
Alinsky,18
jail,18
MediaBias,18
tytlive,18
TRUTH,18
ElezioniUSA,18
MuslimAmerican,18
Killary,18
Turchia,18
DeNiro,18
bill,18
Onu,18
2doDebate,18
AmericanPeople,18
Alltalknoaction,18
nycc,18
blm,17
GeorgeSoros,17
TrumpsArmy,17
TownhallDebateLive,17
Syrer,17
liar,17
Packers,17
Encuesta,17
DebateDay,17
tax,17
MichelleObama,17
liberals,17
nonverbal,17
bias,17
Economy,17
Rapist,17
Guccifer2,17
trumps,17
Campaign,16
KKK,16
RT_com,16
Taxes,16
lewd,16
obamacare,16
AmericaFirst,16
Mosanto,16
LetGaryDebate,16
Epstein,16
USElections,16
DSK,16
BasketOfDeplorables,16
US2016,16
clintonscandals,16
RedNationRising,16
twitterpolls,16
twitterpoll,16
Email,16
USelections,16
USelection,16
dibattito,16
IndictHillary,16
opinion,16
Democrat,16
politicalhumor,15
PodestaLeak,15
NBC4DC,15
deplorables,15
laugh,15
Kurds,15
sondages,15
Anonymous,15
pjnet,15
uspoli,15
Miami,15
VoteTrump2016,15
press,15
marketing,15
war,15
HurricaneMatthew,15
CNNDebate,15
muslims,15
social,15
Islam,15
Juanita,15
DEBATEknockOUT,15
dirty,15
HillaryForPrison,15
Polls,15
fracking,15
email,15
podcast,15
CNNSOTU,15
pussy,15
Trumptape,15
wildhorses,14
deba,14
bet,14
fly,14
taxreturns,14
Drumpf,14
actions,14
OpenBorders,14
EU,14
Twitter,14
potus,14
LIVE,14
Islamophobia,14
BlueJays,14
wsj,14
Berine,14
hilaryclinton,14
internet,14
dangerous,14
endorses,14
trumptruth,14
HillaryKaine,14
HillaryVsTrump2,14
winner,14
2ndUS,14
forbes,14
Dems,14
GaryTheDebate,13
ClintonBodyCount,13
FARCE,13
Romney,13
WTF,13
CIACooper,13
deplorable,13
Truth,13
TrumpClintonDebate,13
GrabEmByThePussy,13
MTP,13
Senate,13
Sarkozy,13
distraction,13
republicans,13
lies,13
Voters,13
SEX,13
Nursing,13
Soro,13
FactCheck,13
WashUdebate2016,13
amjoy,13
Messiah,13
Rusia,13
pence,12
hrc,12
debatenignt,12
WWENoMercy,12
isis,12
Sondage,12
Hacked,12
Marr,12
viol,12
FactChecktheDebate,12
FridayFeeling,12
etatsunis2016,12
USAval,12
ObamaCare,12
Chelsea,12
NYC,12
RallyTogether,12
OBAMA,12
KnowWhyYouBelieve,12
Fraud,12
woman,12
TownHall,12
RobertDeNiro,12
topoli,12
bernie,12
Jesus,12
VoteWithPaper,12
NeverHillaryOrTrump,12
rallies,12
NoFlyZone,12
SNF,11
brexit,11
BBC,11
andersoncooper,11
BLM,11
Elections2016,11
Russian,11
Victims,11
auspol,11
IS,11
KennethBone,11
business,11
Canada,11
VoteBlue,11
p2,11
GrabHerInThePussy,11
USpoli,11
climatechange,11
DebatePresidencial,11
refugees,11
24KMagic,11
skynews,11
TvDuell,11
people,11
Retail,11
russia,11
IRS,11
clintonfoundation,11
Debat,11
Kennedy,11
EnVivo,11
WarOnWomen,11
PoopOfJustice,11
RUSSIA,11
RAPISTS,11
P1,11
Christ,11
WorldSmileDay,11
drumpf,10
nyheter,10
Thisweek,10
handshake,10
BillClintonisARapist,10
Trump16,10
jpnet,10
SteinBaraka,10
Progressive,10
RapeEnabler,10
moron,10
USWahl,10
jobs,10
Debatte,10
Europe,10
fb,10
LolitaExpress,10
pnpcbc,10
DrunkJesus,10
2016Debates,10
msm,10
MyStoryIsnt,10
Video,10
crookedhillary,10
BEST,10
uniteblue,10
LockHerUp,10
Foundation,10
DEBATES,10
oil,10
KenBone,10
illness,10
uswahl16,10
envivo,10
huffpost,10
syria,10
quote,10
DNCleak,10
billybush,10
whitehouse,10
TVDuell,10
BlackLivesMatter,10
reiders,10
sundaymorning,10
Pussy,10
Yahoo,10
B3zero,10
raping,10
EVNews,9
ImWithher,9
RAPES,9
rt,9
EmailGate,9
TXWatching2016,9
StatiUniti,9
liberal,9
ABCNews,9
lol,9
JFK,9
accesshollywood,9
disagree,9
Transportation,9
CitizensUnited,9
Opine,9
sniffle,9
biased,9
democracy,9
Syrien,9
moderators,9
BDS,9
Pedo,9
elections,9
MakeAmericaGreat,9
SONIC,9
NFL,9
MAGA3X,9
CCOT,9
ZDF,9
hillarytrial,9
pondscum,9
criminal,9
Sexism,9
Scandale,9
WhiteHouseWatch,9
lockerroomtalk,9
VotoEEUU2016,9
Mexico,9
islam,9
GreenParty,9
culture,9
BILLCLINTON,9
voters,9
ElezioniUsa,9
GOPe,9
scandal,9
Raddatz,9
Abedin,9
SecondPresidentialDebate,9
sniff,9
World,9
uselection,9
BernieOrBust,8
changebritain,8
Russians,8
PresidentialCandidates,8
pantyhose,8
AztecaNoticias,8
Anderson,8
hypocrites,8
RAPE,8
WhiteHouseRace,8
phoenix,8
paidspeeches,8
Tump,8
policy,8
englishdemocrats,8
Michigan,8
hacked,8
Texas,8
BlackTwitter,8
Veterans,8
Columbus,8
strongertogether,8
Fox,8
Libye,8
victims,8
Fly,8
tictacs,8
TCOT,8
WORDS,8
IranDeal,8
TheDonald,8
debatt,8
Crooked,8
soros,8
Hypocrisy,8
Elecciones2016,8
vote2016,8
USAvaalit,8
elezioni,8
YouIn,8
Guttersnipe,8
JusticeforJuanita,8
doctorivan,8
Who,8
DEM,8
WashUDebate2016,8
presidentialelection,8
OpenTheDebates,8
WH,8
NSZenith,8
b3zero,8
cartoon,8
Milwaukee,8
USpresidentialDebate,8
MEDIA,8
GunOwners,8
Terrorists,8
Clinton2016,8
tlot,8
cnndebate,8
Cosby,8
NWO,8
cbn2016,8
Norris,8
ukip,8
Chuck,8
LBJ,8
ShesWithUs,8
decision2016,8
Coal,8
respect,8
QueNoSeTePase,8
whitemaleprivilege,8
NoTrumpNoVote,8
destino2016,7
StopTheSteal,7
Khan,7
Liberal,7
Libia,7
NoMercy,7
evil,7
Hillaryclinton,7
MCA,7
wahlkampf,7
MiddleEast,7
ClintonNewsNetwork,7
ElectionDay,7
Trum,7
LiveSketch,7
DOJ,7
love,7
live,7
RT,7
Guatemala,7
SexualAssault,7
ISISmadeInUSA,7
ElectionFraud,7
sexualassault,7
STOPHILLARY,7
FOX,7
libya,7
Wisconsin,7
donaldtrumpvshillary,7
hillary4prison,7
poop,7
Evil,7
TrumpsTrain,7
BreakingNews,7
OutPerforming,7
HillaryForPrison2016,7
haiti,7
everythingisbullshit,7
ClintonBlowjob,7
KSATdebate,7
clintonvstrump,7
Kerry,7
UK,7
Leak,7
SOROS,7
Occupy,7
law,7
ClintonCorruption,7
Feminist,7
Trumptapes,7
nohandshake,7
BoycottRNC,7
warmonger,7
banche,7
collusion,7
manbaby,7
jailbirdhillary,7
ConfederateFlag,7
scandel,7
FOXNEWS,7
HillYes,7
Environmentalism,7
WallSt,7
putin,7
Poutine,7
bernergate,7
AbsolutelyTrump,7
Donor,7
Criminal,7
Rangers,7
McCain,7
KILLARY,7
México,7
War,7
StayWokeAndVote,7
Congo,7
OHIO,7
healing,7
Scandal,7
débat,7
world,7
debat,7
Healthcare,7
TrumpTaxes,7
campaign2016,7
hate,6
teamgov,6
amandionair,6
Phoenix,6
WednesdayWisdom,6
segundo,6
OvalOffice,6
PaulaJones,6
Ivanka,6
wikileaks10,6
cybersecurity,6
wwe,6
HonestAbe,6
hypocrite,6
Resign,6
snl,6
Clintón,6
debatepoll,6
HerGame,6
PJNET,6
Iowa,6
federal,6
TimKaine,6
Russland,6
TrumpWins,6
cbsnews,6
debateNight,6
heutejournal,6
NewYork,6
JohnsonWeld,6
debate2,6
TLC,6
mediabias,6
HAITI,6
Jr,6
Presidency,6
political,6
politician,6
transcripts,6
millenials,6
brooklyn,6
Beyonce,6
BFMTV,6
Patriots,6
Turkey,6
BILLIONS,6
Washington,6
Giuliani,6
AnonTV,6
cnbc,6
WashingtonUniversity,6
PARKINSON,6
terrorism,6
bullying,6
CentralPark5,6
Potus,6
satire,6
Schulz,6
RegimeChange,6
EXCUSE,6
sexualpredator,6
Politique,6
HillaryCorruption,6
VinceFoster,6
CrookedHilary,6
Sniffs,6
voting,6
Democratic,6
FDR,6
donne,6
military,6
MonicaLewinsky,6
BringBernieBack,6
gun,6
cocaine,6
fuck,6
mail,6
now,6
France,6
iFunny,6
BillyBush,6
WorldTeachersDay,6
ForeignPolicy,6
Damning,6
PresDebate,6
millennials,6
Haitians,6
Trump2K16,6
history,6
Viral,6
coal,6
JohnsonWeld2016,6
psychology,6
Millennials,6
shitshow,6
feminists,6
ClintonKarma,6
Demexit,6
HillaryEmail,6
Muslimban,6
Gore,6
JustSayin,6
kindness,6
USPolitics,6
Guns,6
Raped,6
LCI,6
winning,6
podestafiles,6
AliciaMachado,6
syriancrisis,6
USPresident,6
leak,6
Imwither,6
Islamic,6
extremevetting,6
2016Election,5
china,5
Syrians,5
SandNiggers,5
notok,5
StL,5
Congress,5
sexist,5
watch,5
fail,5
WhosTheDem,5
SupremeDeplorables,5
cleanenergy,5
Broward,5
uspol,5
Facebook,5
misogynistic,5
o,5
Brexit,5
hilliaryclinton,5
ClintonFoundationSandals,5
ClintonKaine16,5
True,5
AmberTamblyn,5
NYTimes,5
NoDAPL,5
STL,5
Auspol,5
domain,5
puppet,5
TSUNAMI,5
TeamTrump,5
JillStein2016,5
round2,5
merkel,5
USSLiberty,5
clowns,5
ImplicitBias,5
usavalg,5
Melania,5
NationalSecurity,5
feminism,5
GAYS,5
Terror,5
CorruptHillary,5
NH,5
nbc,5
fraudofthetaxpayer,5
StopHillary,5
SC,5
energy,5
ClintonRapes,5
Crookedhillary,5
blacks,5
TogetherStronger,5
WomenForTrump,5
TWISF,5
art,5
Hypocrite,5
fucknwo,5
TrumpVClinton,5
funded,5
1uVote,5
polqcusa,5
FreePress,5
Drake,5
presseclub,5
MarthaRaddatz,5
stein,5
Collectivism,5
vets4trump,5
Trumpquit,5
WashingtonPost,5
TrumpTeam,5
Cnn,5
Trumpnation,5
politicians,5
ClintonvsTrump,5
grassrootsgspm,5
issues,5
ImVotingForJill,5
curdi,5
SheWon,5
NATO,5
LATimes,5
sexual,5
Berners4Trump,5
StopRush,5
Originalists,5
Halloween,5
fdlx,5
ClimateChange,5
BagsOfSorrows,5
sick,5
XFactor,5
YouDontSupportWomenYouDestroyThem,5
kenbone,5
Wine,5
PoliceReform,5
Campañas,5
washudebate2016,5
ONU,5
ALLEPO,5
murder,5
cnntownhall,5
senko,5
trumpdump,5
lmao,5
PresidentalDebate,5
Fox10phoenix,5
Secretary,5
Cleveland,5
ELECTION,5
Monsanto,5
Gabriel,5
canale50,5
ux,5
VictimBasher,5
Clintonfoundation,5
Nuclear,5
muslim,5
FOXNewsUS,5
spreaker,5
SAUDIS,5
AMERICA,5
AffordableHealthCare,5
dehumanizing,5
HetzTV,5
Money,5
sad,5
immigration,5
WhinyLittleBitch,5
youpimatin,5
WARONWOMEN,5
SteveHarvey,5
lockerroombanter,5
NC,5
MUSLIM,5
Bias,5
TTIP,5
ExcélsiorTv,5
fuckmsm,5
dem,5
NEWS,5
TrumpVideo,5
PODESTA,5
TweetMovie,5
CBN2016,5
assange,5
TRump,5
Bern,5
humanrights,5
greeenpoint,5
devil,5
sanders,5
NEVER,5
unfitforoffice,5
libtard,5
humanthumb,5
AbrahamLincoln,5
LügenTV,5
JerrySpringer,5
BringBackBernie,5
Shame,5
TreasonHillaryClinton,5
accusers,5
cigar,5
WeThePeople,5
debatecnn,5
she,5
presidentialdebates,5
Islamofobia,5
Presidentialdebate,5
womenabuser,5
joke,5
RiggedSystem,5
GoTrump,5
FLOTUS,5
VoteForPedro,5
misogyny,5
Dem,5
Laden,5
tasse,5
SPD,4
Data,4
O,4
presidentdebate,4
YoureARapist,4
Nonverbal,4
SEIU,4
TrumpGoHome,4
debat2016,4
USElection2016,4
Wow,4
DONALD,4
Presbyterian,4
ShesForWar,4
Jones,4
daughter,4
the,4
Youtube,4
PodestaEmail,4
ClintonSacks,4
Mormon,4
omg,4
wtf,4
Wall,4
MeganoticiasTVC,4
creepy,4
mujeres,4
rnc,4
humor,4
snifflingtrump,4
TrumpFucksAChair,4
Internacionales,4
unaffiliated,4
SS,4
Tonight,4
transportation,4
OctoberSurprise,4
OurRevolution,4
KellyFile,4
HePromisesProtection,4
johnson,4
airmiles,4
HillaryKillList,4
makeamericagreatagain,4
OccupyTheDebates,4
Environment,4
godbeforeall,4
TrumpForPresident,4
meme,4
Jail,4
Enabler,4
Mais,4
paid,4
moderator,4
RIP,4
Internacional,4
SecretService,4
hillaryforprison2016,4
renewables,4
coughing,4
DEFININGMOMENT,4
bbc,4
snapchat,4
IMWITHHER,4
uhoh,4
racist,4
rva,4
HillNo,4
VoteYourFuture,4
congress,4
tv,4
TrumpIsARapist,4
criminality,4
speeches,4
Business,4
TRUMP2016,4
CoalCountry,4
Clowns,4
MuslimMigration,4
Trumptrain,4
disrespectful,4
HillarysHealth,4
maddow,4
douglas,4
CBSNEWS,4
Bengazhi,4
ELECTIONS2016,4
Candidat,4
MrTrump,4
TrumpVSClinton,4
lewinsky,4
wow,4
VIDEO,4
WHSV,4
KBone,4
VoteSmart,4
FDTN,4
secret,4
hacking,4
TNT27,4
dishonesty,4
Justice,4
Methodist,4
ThreeAgainstOne,4
clown,4
Victim,4
Canal11,4
ovaloffice,4
us,4
RealEstate,4
MiseryAndMayhem,4
Podestaemails,4
Establishment,4
SaveTheChildren,4
TR,4
youtube,4
Millenials,4
sniffgate,4
BillClintonsKids,4
Libertarian,4
usanvaalit,4
OrgyIsland,4
ABD,4
Hillary_Clinton,4
sniffing,4
Correos,4
Everytown,4
hollywood,4
13Hours,4
FlashMob,4
pulled,4
Pantsuit,4
fact,4
NEVERdemocrat,4
CNNE,4
Daesh,4
Pd,4
WeStandWithTrump,4
MyVote,4
2016debate,4
abcnews,4
Music,4
tshirt,4
Sunday,4
Threat,4
lincoln,4
ptmme,4
annewill,4
Climate,4
Racist,4
DEBATENIGHT,4
JuanWilliams,4
baptist,4
AARP,4
hillaryforprison,4
USRC,4
MissPiggy,4
HaitiEarthQuake,4
economics,4
jillstein,4
DonaldTrumpJr,4
LANDS,4
Killing,4
Aftermath,4
hypocrisy,4
Billclinton,4
Kbone2016,4
Son,4
affairs,4
Québec,4
BlackPeopleHaveNothingToLose,4
sexism,4
NickiMinaj,4
birtherism,4
property,4
if,4
left,4
Devil,4
imwither,4
トランプ,4
failure,4
MAGAx3,4
Fernsehduell,4
drop,4
Maine,4
Lies,4
Bersani,4
Avant,4
YPG,4
UFOs,4
ClintonPigs,4
republican,4
idontunderstand,4
ImVoting4Jill,4
Eric,4
Stands,4
ImVotingforJillBecause,4
unfit,4
thirdparty,4
DanaPerino,4
crime,4
DQDebate16,4
streaming,4
BOOM,4
Abois,4
improv,4
Sincerity,4
spotlight,4
DemocratPlant,4
feelthebern,4
IT,4
podestaFiles,4
feminist,4
DNCLeaks,4
No,4
Audio,4
Monica,4
scandals,4
Republicain,4
OhHillNo,4
StateDept,4
YoudBeInJail,4
megynkelly,4
ClintonScandals,4
GunControl,4
Constitution,4
disgusting,4
Intel,4
Sales,4
WheresGary,4
Respect,4
debatedrinkinggame,4
SeanSmith,4
HillaryHatesWomen,4
Campaign2016,4
basketofdeplorables,4
Episcopal,4
FranceInfo,4
Newsfindit,4
Guardian,4
MissUniverse,4
Saudis,4
God,4
VoteGaryJohnson,4
Delaware,4
AfricanAmericans,4
NEVERhillary,4
Thanksgiving,4
TwoFaced,4
GrabThatChairByThePussy,4
Pervert,4
Internet,4
katehon,4
savage,4
AMN,4
religion,4
NeverAnotherClinton,4
ACN,4
trumpsniffles,4
realdonaldtrump,4
EVIDENCE,4
psychopath,4
youdbeinjail,4
Canadian,4
birther,4
win,4
Krieg,4
comedy,4
infowars,4
Catholic,4
neverHer,4
Erdogan,4
BothCrazy,4
Irak,4
BiasedMedia,4
Twitch,4
Bluehand,4
Asked,4
DonaldTrumpTape,4
nuclear,4
BillCintonRapist,4
Sept112001,4
jerryspringer,4
whinylittlebitch,4
Insider,4
Anglican,4
BILL,4
inners,4
Mother,4
Mario,4
propaganda,4
Impeached,4
SaintLouis,4
circus,4
MLMPaid,4
NYT,3
voteblue,3
Go,3
fallon,3
billclintonisarapist,3
nyt,3
GoldwaterGirl,3
PodernFamily,3
dnc,3
Hillarysgirls,3
dividers,3
prolife,3
A,3
America1st,3
HouthiCrimes,3
americans,3
doublestandards,3
PresidentialDebate2016,3
russophobia,3
liars,3
Trump4Hope,3
Biased,3
IRONY,3
DebateSundayTime,3
USPresidential,3
IMPEACH,3
Präsident,3
estatetax,3
debate16,3
answerthequestion,3
Whitewater,3
Over,3
Dispatch,3
guerre,3
istandwithrussia,3
Ahora,3
DonaldJTrump,3
Axelrod,3
2ndPresidentialdebate,3
life,3
controlledopposition,3
WarrenBuffett,3
NODAPL,3
Elecciones,3
Spokesman,3
Astronaut,3
hillaryClinton,3
factchecking,3
SoundCloud,3
stdebate,3
Kebetu,3
security,3
americanflag,3
comments,3
ImWithYou,3
cagematch,3
Fail,3
Tcot,3
2016PresidentialDebate,3
ECET2,3
dying,3
crookedNewNetwork,3
np,3
cooper,3
Second,3
twittercensorship,3
Tax,3
witch,3
fbi,3
drivesafe,3
dialysis,3
HereWeGo,3
ANDERSONCOOPER,3
FNS,3
gohillary,3
USPoli,3
KaineVsPence,3
GMW,3
Planets,3
SyriaCrisis,3
Hollywood,3
Kardashian,3
Democracia,3
assault,3
Globalists,3
ObamaLegacy,3
black,3
Raditz,3
rejection,3
unethical,3
bigly,3
dogsoftwitter,3
WhichHillary,3
WWE,3
ButBeStill,3
hillaryvstrump,3
Reagan,3
News12WC,3
SidneyBlumenthal,3
Bloomberg,3
breakingnews,3
brewdemocracy,3
baldwin,3
Travel,3
real,3
FLY,3
Democracy,3
ProphetOfGodAlmighty,3
notepad,3
strangles,3
grabthembythepussy,3
Hannity,3
Arkansas,3
frack,3
Strictly,3
AlexJones,3
houseofcards,3
leaked,3
GeraldoRivera,3
fools,3
BFMtv,3
SundayBrunch,3
8mile,3
VoteChange,3
hunting,3
SheWillFixIt,3
Bersanifaipena,3
abd,3
parkinsons,3
mudslinging,3
allows,3
environment,3
fairShare,3
martharaddatz,3
states,3
TrumpvsClinton,3
washudebate,3
rude,3
AffordableCareAct,3
Hitlary,3
Wiki,3
Deer,3
Hunter,3
JesusSaves,3
ChuckTodd,3
Wahl,3
jihadists,3
FuckTrump,3
EstadosUnidos,3
jillnothill,3
hilaryforpresident,3
health,3
RadicalislamicTerrorism,3
LNG,3
HSBC,3
thedonald,3
Shamed,3
GodAlmighty,3
USNavy,3
LIBERAL,3
ALDSGame3,3
RCP,3
Patriot,3
scripted,3
PredatorTrump,3
Andersoncooper,3
ard,3
Smeared,3
phishing,3
Fact,3
hannity,3
Murderer,3
PiedPiperTrump,3
trumpvshillary,3
Fairfax,3
Snapchat,3
Cheney,3
BillCosby,3
GMOs,3
GoGreen,3
WLDA,3
USSenate,3
dubai,3
sketch,3
Belo,3
Beliebers,3
Tr,3
cintasjobs,3
TV,3
uranium,3
Ak,3
MikePence,3
sssssickkk,3
Khaleesi,3
norespect,3
BRANHAM,3
Deplorable,3
Lying,3
justice,3
Socialist,3
crazy,3
KJV,3
Blondie,3
halloween,3
notstories,3
Willey,3
GrabThemByThePussy,3
HACKINGHILLARY,3
votesocialist,3
DeplorableHillary,3
DesignatedSurvivor,3
travelnurse,3
GaryJohnson2016,3
rubio,3
debateday,3
DeadPool,3
bad,3
Farage,3
Feministinnen,3
faceswap,3
momlife,3
niceman,3
Blackmailed,3
THEFIVE,3
Debates16,3
JusteLaFinDuMonde,3
stlouis,3
Parkinson,3
AnsaUsa2016,3
ColumbusDispatch,3
BonAppétitAmisAméricains,3
GAY,3
Navy,3
student,3
cruz,3
SyrianHumanitarianCrisis,3
Tweets,3
Terrorism,3
Rothschild,3
Israeli,3
paulajones,3
stamina,3
ChristianNazarine,3
votetrump2016,3
DWF,3
friends,3
grosCon,3
Garbage,3
irony,3
nwo,3
wallstreet,3
Vulgar,3
Synergologie,3
HouthisStrikeMecca,3
goodvibes,3
ThirdParty,3
aufschrei,3
MakeHillaryBrokeAgain,3
fatcheck,3
RAPED,3
classified,3
Won,3
Madea,3
Murica,3
Colorado,3
wontSHOPat,3
Dessindepresse,3
walmarts,3
COVERUP,3
ClintonKain,3
Hispanic,3
Itw,3
campaigning,3
JonVoight,3
ganaClinton,3
GanaClinton,3
RepublicansForHillary,3
country,3
Manufacturing,3
RENZI,3
MarranoDonald,3
sjw,3
yolo,3
quotes,3
prison,3
disposablecamera,3
UDHR,3
HS,3
denier,3
Cuba,3
burn,3
Evidence,3
Turmp,3
Martha,3
fight,3
Lundi,3
TrumpTruth,3
USdebate,3
PresedentialDebate,3
AirForce,3
MoreElectableThanDonaldTrump,3
who,3
Renovables,3
constitution,3
bestquotes,3
HillarySupportsRapists,3
Mytwocents,3
secondpresidentialdebate,3
clintoncrimefamily,3
Herndon,3
ProphetOfChrist,3
Martin,3
NonChoice,3
eagle,3
plane,3
HealthCare,3
hillarywon,3
ATW,3
pixelart,3
BasementDweller,3
terroristas,3
women4trump,3
DC,3
NotTrump,3
Rutte,3
Vote2016,3
GOD,3
wine,3
usdebate,3
Repubblica,3
Ethiopia,3
PC,3
ILOVEIT,3
OurMoment,3
SelfDefence,3
DoOrDie,3
TwoFacedHillary,3
Lynch,3
LikeInTheOther,3
Primary,3
shitshowclusterfuckpalooza2016,3
Synergology,3
IceCube,3
cfgjobs,3
itsover,3
NAFTA,3
realDonaldTrump,3
synergologie,3
moderate,3
racism,3
SlickWilly,3
politica,3
TLOT,3
cbs,3
complexeMilitaroIndustriel,3
MakingPssyGrabbedAgain,3
Blah,3
UFO,3
mixedmedia,3
Classified,3
3rdparty,3
ClintonFDN,3
PRESIDENT,3
more,3
seconddebate,3
debatedrinkinggames,3
Fall,3
trade,3
Lügenpresse,3
VictimsLivesMatter,3
predator,3
Rapists,3
PunishThem,3
DemExit,3
ÉtatsUnis,3
Peace,3
Predator,3
SAnders,3
ugh,3
Meteor2016,3
Pvv,3
tvdebate,3
wttv,3
retweet,3
Prosecute,3
DannyWilliams,3
NeverHer,3
appears,3
Harambe,3
Universe,3
WSJ,3
payforplay,3
выборы,3
GeorgeBush,3
Labor,3
RealityVsFantasy,3
vaalit,3
google,3
server,3
LockerRoomBanter,3
trucking,3
Teamsters,3
GrabThemByTheBallot,3
Watergate,3
Mars,3
Duell,3
LGBT,3
karma,3
restingbitchface,3
SuperPredator,3
P,3
gardasil,3
nWo,3
AncientAliens,3
Nukes,3
Bitch,3
Preppers,3
TrumpRape,3
Nevada,3
Schwarzenegger,3
WED,3
3rdParty,3
presidentialDebate,3
HillaryLies,3
bbcnews,3
UN,3
PresidenitalDebate,3
ObamaFail,3
votedebate,3
Pakistani,3
hilarious,3
scary,3
abuse,3
AntiWoman,3
Nard,3
HSTV,3
SURPLUS,3
classy,3
Religion,3
clintonlies,3
Votolatino,3
fraud,3
LongCon,3
DrudgeReport,3
Priceless,3
wapo,3
Hollande,3
Presidente,3
terrorist,3
landslide,3
FOIA,3
cpac,3
onpoli,3
Conspiracy,3
trumppence,3
ChickenTrump,3
hpv,3
treason,3
Holds,3
foreignpolicy,3
pressrelease,2
KarlBecker,2
vile,2
USelections2016,2
sorry,2
TrumpEffect,2
Surprenant,2
Wahlkampf,2
GM,2
grabherbythepussy,2
glued,2
Billions,2
NoTrump,2
human,2
active,2
NOT,2
Bingo,2
Suggesting,2
WeGoHigh,2
HillaryIsARapeEnabler,2
Evangelicals,2
bobblehead,2
Crowd,2
locker,2
Fillibuster,2
Tagesthemen,2
STdebate,2
PRESENTS,2
Revolt,2
Castro,2
Weiner,2
Brutal,2
SanDiego,2
Pussygate,2
socialmedia,2
Here,2
TrumpvsHillary,2
iowa,2
myvote,2
Sting,2
explode,2
Springer,2
Fb,2
spox,2
clear,2
CrokedHillary,2
Press,2
AMERICANS,2
Rebecca,2
DanaBash,2
Jihadists,2
SaddamHussein,2
CNNespañol,2
Barbancourt,2
TheTape,2
Williams,2
Revanche,2
podestaEmails,2
btw17,2
AmeriKKKan,2
Senateu,2
USADecide,2
Searches,2
funniest15seconds,2
DemConvention,2
nobodyforpresident,2
Disabled,2
Notokay,2
victim,2
guerra,2
DMV,2
Lybia,2
best,2
Registered,2
PatrickByrne,2
globalist,2
RacistaDonald,2
wtr,2
ill,2
hitler,2
debatesnight,2
washingtonuniversity,2
Bhutan,2
CDNpoli,2
Nevertrump,2
GoHillary,2
Marines,2
Pennsylvania,2
cunt,2
presidency,2
Dollar,2
Spionage,2
LOL,2
Interview,2
EricTrump,2
EMAILSCANDAL,2
Khans,2
MediaSmears,2
Paraguay,2
biz,2
servergate,2
Terrorisme,2
character,2
clintons,2
LEAD,2
ClintonvTrump,2
Hides,2
ClintonCorrupt,2
Italia,2
CastTheFirstStone,2
lions,2
Nigeria,2
doublestandard,2
PBS,2
energypolicy,2
SaturdayNightLive,2
uwashdebate,2
attacks,2
OpenField16,2
ElezioniUsa2016,2
rapes,2
CUNYJReports,2
polqc,2
PeroBueno,2
Hypocrites,2
Leaked,2
fainting,2
Moudjahid,2
Beer,2
AlQaeda,2
democraciaoccidental,2
LIVESTREAM,2
appologize,2
CanadianThanksgiving,2
westworld,2
SEO,2
ClintonRape,2
Avon,2
Columbia,2
debateOvertime,2
countdown,2
cowboysnation,2
veterans,2
Roads,2
debatewar,2
ww3,2
SayingTheWordPussyIsWorseThanRape,2
SuperSunday,2
IntimidateAmericans,2
TYTLive,2
Antithesis,2
guilty,2
POTUSs,2
Baldwin,2
openborders,2
2016presidentialdebate,2
stinkbeast,2
abortion,2
PUR,2
WarCrimes,2
drama,2
Coke,2
iTele,2
NigelFarage,2
truedishonesty,2
defeatTrump,2
food,2
White,2
Lache,2
tictac,2
Harrington,2
NewMexico,2
FatCheckHim,2
DeutschenBank,2
troll,2
Spielberg,2
911justice,2
qcpolusa,2
NYDebate,2
language,2
collapsing,2
DonaldTRrump,2
rudy,2
Trumph,2
LETTER,2
MedicaidForAll,2
2ndDebate,2
MainStreamMedia,2
Zambia,2
QUESTION,2
Abused,2
Baumafia,2
realityshow,2
Allegations,2
Wanderer19,2
CasaBianca,2
OANN,2
melania,2
KathleenWilly,2
Test,2
WriteInBernie,2
We,2
RedLine,2
Discours,2
2ndPresidentialDebate,2
ssi,2
HillaryFoundedISIS,2
insulting,2
VicenteFoxQuesada,2
Drumph,2
TheSimpsons,2
trucksfestival,2
Worldwide,2
weapons,2
Podestagate,2
VoteSocialist,2
madness,2
OPEN,2
MoveOn,2
JobFlow,2
borders,2
wants,2
PutHerAway,2
clintonfoundationhack,2
lmvb163,2
policies,2
scum,2
Guiliani,2
TeamGov,2
BecauseDemocrats,2
freehighereducation,2
wpb,2
Is,2
Debate2,2
RunInReims,2
STDebate,2
verkrachter,2
Spot,2
Round2,2
Encouragement,2
JustAnObservation,2
kainewreck,2
hotvideo,2
ELECCIONESEEUU,2
filth,2
FeminismIsCancer,2
tape,2
Trumpwon,2
smuggling,2
DCLeaks,2
Aspenia,2
e,2
KeystoneXL,2
podestaleak,2
exhausted,2
AmericasChoice,2
Crucial,2
JaunitaBroaddrick,2
sundaythoughts,2
Come,2
Alep,2
Westworld,2
GodBlessAmerica,2
TrumpvsCliinton,2
Trumpf,2
Cameroon,2
PRESIDENTIAL,2
WUSTL,2
electioncrisis,2
Creepy,2
elDebate,2
Mossa,2
ITele,2
NeverKillary,2
winnertakesall,2
lawyer,2
EI,2
Painful,2
undecided,2
iran,2
hereyouhave,2
Wrestling,2
Colostomy,2
taxloophole,2
Venezuela,2
AlwaysTrump,2
HIllary,2
deb,2
Hitler,2
SoftPower,2
CEO,2
ImithHer,2
cigargate,2
Jill2016,2
shade,2
banks,2
viralcypher,2
cheapflights,2
accusatrici,2
arrogant,2
stopandfrisk,2
Wemadeit,2
sleazydon,2
USCongress,2
FalseFlag,2
ChelseaClinton,2
Aliens,2
Embrasse,2
KSA,2
DonnyTrump,2
pathetic,2
MAGAzine,2
clump,2
FuoriSkema,2
neverTrump,2
voteLibertarian,2
polusa,2
HTTR,2
Algeria,2
Rudy,2
Greets,2
كلينتون,2
compliments,2
motivation,2
JapaneseGP,2
Marriage,2
DontLetTrumpFingerTheNukes,2
Arab,2
comics,2
JusticeForKathy,2
Fernsehdebatte,2
SRFuswahl,2
EUA,2
2016elections,2
Cosmetology,2
JebBush,2
GodHelpUs,2
The,2
sundaynightfootball,2
berniesanders,2
debate2106,2
Palestine,2
MakeAmericaGreatagain,2
worldnews,2
While,2
VoteTrumpPence2016,2
ClintonCrimeFoundation,2
Mugshots,2
Guccifer,2
Refugees,2
enabler,2
jesusisking,2
DerangedDonald,2
realestate,2
Pest,2
embarrassing,2
Selfies,2
California,2
change,2
BillClintionIsARapist,2
gas,2
EtatsUnis2016,2
packers,2
Ciadlo,2
godhelpus,2
behavior,2
southflorida,2
WorldWar3,2
ISeeMyselfAs,2
WomenforTrump,2
meltdown,2
Alien,2
irandeal,2
HappyThanksgiving,2
About,2
lawyers,2
doyourdance,2
banter,2
Podesdaemails,2
QuéSeLeHace,2
nickname,2
USPol,2
BestQuestion,2
Food,2
Girl,2
Ultim,2
Curiel,2
Transcripts,2
STEIN,2
movietitle,2
Alqaeda,2
monicagate,2
Ferrari,2
per,2
DOT,2
extraterrestres,2
from,2
Retwee,2
AJokeElection,2
Dorothy,2
RINO,2
Manly,2
HFA,2
Eclipses,2
Tech,2
PokemonGO,2
question,2
spar,2
Hackers,2
honestabe,2
TrumpRally,2
WhoMakesThisCrapUp,2
Hillary100,2
Perdre,2
fighter,2
thisshouldbefun,2
KaineWreck,2
SundayNightFootball,2
HillarysHoaxes,2
AskTrumpOneQuestion,2
1600Wiesbaden,2
Words,2
ComebackKid,2
theft,2
LeslieKnope,2
State,2
lessonslearned,2
Hillary4Prison,2
TrumpFoundation,2
Debating,2
Gulen,2
ctl,2
paulryan,2
alds,2
Robert,2
private,2
AbsoluteCorruption,2
blog,2
hypocrit,2
links,2
NeverEverQuit,2
GoodLuck,2
Berlusconi,2
ALL,2
animals,2
TheCenturionReport,2
high,2
Trumpgate,2
Policy,2
Peevishly,2
uscanada,2
liveart,2
Iraqwar,2
shootme,2
HauseOfcards,2
riseup,2
RACIST,2
trumppence2016,2
podestaemail,2
TonyBetCanada,2
PSLiveDebate,2
establishment,2
illuminati,2
TownHallDebate,2
PresidentDebate,2
boycotCNN,2
Trifecta,2
patriots,2
HegelianDialectic,2
Change,2
ElRey,2
florida,2
owned,2
AccessHollywood,2
encuesta,2
WaterIsLife,2
CNNRealityCheck,2
steel,2
goodnight,2
SpecialProsecutor,2
Bigleaguetruth,2
Angle,2
corrupt,2
russians,2
immunity,2
painting,2
fear,2
umashamed,2
candidates,2
Whether,2
Groperinchief,2
sickhillary,2
aiding,2
thehilariousness,2
europe,2
MakeDebatesGreatAgain,2
Facing,2
Grandchildren,2
sugarcoat,2
Yikes,2
perdire,2
TUNGUI,2
THEY,2
Americaine,2
ArabieSaoudite,2
BlackCommunity,2
SecondAmendment,2
HYPOCRITES,2
stayontopic,2
Morrissey,2
rigged,2
MuslimBrotherhood,2
ConstitutionParty,2
helped,2
annia,2
hillaryclintonmeme,2
VPdebate2016,2
judgment,2
USCG,2
BranfordMarsalis,2
cleanenergysuperpower,2
itele,2
Varetto,2
you,2
England,2
RogerStone,2
twitter,2
Sinaloa,2
frackfree,2
RASMUSSEN,2
imwithherandher,2
FlytillIDie,2
UE,2
Arts,2
BillClintonIsAPedophile,2
ows,2
GazDeSchiste,2
RacistaMisoginoTrump,2
Golf,2
Nbc,2
CIA,2
CoursePQ,2
underpressure,2
Rooney,2
VICTIMS,2
ImVoting4GaryBecause,2
lieslieslies,2
starterkit,2
Umbridge,2
Feelthebern,2
harambe,2
ProgressivePolitics,2
Agefi,2
rapeculture,2
zdf,2
democRAT,2
complimented,2
Débat,2
CharacterMatters,2
interrupting,2
WOMAN,2
Risque,2
stupidpolitician,2
bengazi,2
sundaydebate,2
Journalists,2
Cholera,2
DoleJection,2
Clintonwon,2
snowden,2
WaPo,2
WhenTheyGoLowWeGoHigh,2
work,2
Lie,2
Positive,2
Reality,2
HillarysEmail,2
presidentaldebate,2
pig,2
westpalm,2
heavybreathing,2
Ali,2
WeekendUpdate,2
Physician,2
Mercy,2
SheSheShe,2
terroristes,2
Bush2,2
megyankelly,2
GNHeadlines,2
pussies,2
Wars,2
Shameful,2
smh,2
Chatham,2
SexTapes,2
BITCOIN,2
liberallogic,2
NYGvsGB,2
privacy,2
MENA,2
irredeemable,2
lego,2
provincialismo,2
Victory,2
Code,2
FireGOP,2
RobertdeNiro,2
cigars,2
Vivacuba,2
TrumpTaxReturns,2
Arizona,2
Erie,2
LeakedEmails,2
Powell,2
presidencial,2
WeAreDoomed,2
History,2
de,2
dc,2
roasted,2
Belle,2
DebateEEUU,2
Ellison,2
globalism,2
GreenBay,2
votolatino,2
politcs,2
Jefferson,2
con,2
StockMarket,2
ETs,2
petty,2
StrictlySpoiler,2
RDandurand,2
Elections,2
kids,2
Show,2
femmes,2
Accused,2
ksdk,2
buried,2
dkpol,2
mexico,2
PodestraEmails,2
Lockerroom,2
Goldman,2
photo,2
AnaNavarro,2
KathleenWiley,2
help,2
PoliticalClass,2
collapse,2
threatens,2
CRIMINALS,2
SuicidePrevention,2
Dutchess,2
latinos,2
monicalewinksi,2
Thing,2
manufacturing,2
Think,2
Raqqa,2
tx23,2
WomenAgainstFeminism,2
Siens,2
infidelity,2
Revelations,2
TerrorMonitor,2
NSA,2
BillBomb,2
NoHillary,2
peso,2
Jays,2
pvv,2
LowBar,2
Slept,2
SJW,2
smallhands,2
stealing,2
Win,2
Wallstreet,2
AN,2
evenobama,2
shimmy,2
AmericanProgressiveMajority,2
SZ,2
choice,2
NeverTrumpOrClinton,2
disease,2
team,2
mali,2
porn,2
WON,2
therealcomm231,2
Automotive,2
Snowden,2
rejectthelesserevil,2
ufc,2
Sundaymorning,2
Peso,2
TonightsDebate,2
ColumbusDay,2
Seen,2
SadiqKhan,2
positive,2
timeline,2
CanOfWorms,2
migrants,2
Essex,2
Misogyny,2
MarcTuri,2
Beelzebub,2
nyc,2
economy,2
draftdodger,2
MegynKelly,2
islamic,2
westpalmbeach,2
StatistsGunnaState,2
TrumpSniffing,2
guncontrol,2
terrorists,2
finance,2
Shy,2
svpol,2
ElDebateEEUUenTN,2
inspirationalquotes,2
Immigrants,2
paybacktime,2
KevinGates,2
space,2
usadebate,2
SHUTUP,2
Bestelectionever,2
Katrina,2
ItsOver,2
pizza,2
BoomThatHappened,2
letsgetreadytorumble,2
Infowars,2
SaluteYourPassion,2
Koch,2
CARE,2
trumpsucks,2
globalwarming,2
slay,2
conspiracy,2
covHERstories,2
online,2
Name,2
WashUdebate16,2
SuperPredators,2
presidentalpoll,2
HillarysMedia,2
Overstock,2
BeeryChristmas,2
blacklivesmatter,2
Muslums,2
MUSLIMS,2
parenting,2
votethirdparty,2
GoodLuckAmerica,2
Education,2
Thatcher,2
ClintonForPresident,2
EnoughSaid,2
DEBATECNN,2
alternativereality,2
Each,2
Lambiscones,2
temper,2
MustSee,2
HillaryInHerSwingingSixties,2
Divorce,2
BillClintonRape,2
us2016,2
corruptjudiciary,2
votetrump,2
Regierung,2
mentana,2
OperationSwingState,2
Woman,2
socialsecurity,2
HillaryCinton,2
blackpeople,2
Treason,2
PoliceBrutality,2
Unreal,2
PA,2
wethepeople,2
warriors,2
BobWoodward,2
vc,2
nucleaire,2
Hack,2
RasmussenPoll,2
pleasedo,2
Men,2
Future,2
BuildTheWall,2
Trade,2
Neverhillary,2
makeAmericaSaneAgain,2
billClinton,2
NO,2
LockerRoomTalk,2
Dropthemike,2
Islamisation,2
Society,2
LoveTrumpsHate,2
politico,2
NativeAmerican,2
Testimony,2
dabate,2
stocks,2
Murder,2
missouri,2
USPresidentialElections,2
UFC,2
SundayFunday,2
RoevWade,2
coalworkers,2
vs,2
watchingUSADebate2016,2
uselections,2
Obamas,2
RICO,2
saudi,2
Huma,2
twowrongsdontmakearight,2
Hillaryleaks,2
Pharma,2
dncleak,2
jesus,2
russianswitcheroo,2
PodestaEm,2
AlMomento,2
iraq,2
NancyOdell,2
pathological,2
research,2
Apprentice,2
St,2
Banking,2
LockerRoom,2
goodanswer,2
Angrily,2
BROADDRICK,2
uspolitics,2
goal,2
desperation,2
breaking,2
HeWontPutMoreOnUsThanWeCanBare,2
Cocaine,2
callseanhannity,2
good,2
Capitalism,2
mental,2
insurance,2
MonicaLewinski,2
MyGod,2
ExtremeVetting,2
ET,2
People,2
womenworldchangers,2
steveperry,2
hurricanematthew,2
kaine,2
Donaldtrump,2
MuhammadAli,2
MURDER,2
Trumptruth,2
Crook,2
Trumpy,2
BarackObama,2
hypocricyrules,2
Course,2
dailyquotes,2
steinmeier,2
ISPI,2
pompino,2
cdu,2
neverhillarynevertrump,2
stalker,2
Atheist,2
FYI,2
MSMBlackout,2
Help,2
Amerika,2
Propaganda,2
Kurden,2
ImWithGenFlynn,2
polish,2
Blair,2
won,2
TrumpProblems,2
King,2
univision,2
foreign,2
L,2
millions,2
JUANITA,2
likes,2
Banken,2
CORRUPTION,2
squirrel,2
LALATE,2
garyjohnson,2
BY,2
holocaust,2
Watchdog,2
MSMbia,2
Crimes,2
perjurer,2
Tim,2
Clintonemails,2
Eagles,2
Cops,2
SayNoToTrump,2
hiLIARy,2
Danny,2
Nie,2
rangers,2
manterruptions,2
usa2016,2
Billy,2
campaña,2
CNNDEBATE,2
riggeddebate,2
botharehorrible,2
killary,2
forzatura,2
antifeminist,2
FIGHT,2
GeorgeStephanopoulos,2
millennialtalk,2
DeathList,2
SCANDALS,2
StandingRock,2
jews,2
Army,2
MUSTSEE,2
NewWorldOrder,2
WAPO,2
Public,2
trumpThug,2
factchecks,2
NTV,2
peace,2
TO,2
delljobs,2
CLINTONSLIE,2
Netflix,2
TrumpSucks,2
bankers,2
cannabis,2
säkpol,2
newplay,2
Now,2
IOT,2
WAR,2
Freedom,2
epstein,2
technews,2
Contre,2
ColinPowell,2
DonTheCon,2
Fingerpointing,2
Nickelback,2
FTL,2
Simmons,2
PUMA,2
fake,2
streetart,2
Child,2
NewHampshire,2
MuslimTerroristSites,2
Positions,2
Sanaa,2
ISIL,2
freedom,2
Jerusalem,2
NationalDebate,2
united,2
clintonwins,2
superpredator,2
makeamericagreat,2
Blackberry,2
smartbusinessman,2
Clintoff,2
Former,2
HarryPotter,2
Right,2
observador,2
Bone2016,2
iPhone,2
Heeee,2
Gary,2
shirt,2
PresidentialRace,2
Ahnung,2
martha,2
Intimidated,2
addanotherhashtag,2
3amphonecall,2
PSSA,2
Thin,2
Senator,2
sosad,2
zeropoint,2
DebateRecap,2
deniro,2
warfare,2
FelizDomingo,2
Other,2
emilylatellalives,2
Juppé,2
catholic,2
preach,2
Disgraced,2
disposablecameras,2
FELONY,2
supported,2
Grand,2
Poliitca,2
Update,2
Bengals,2
Collusion,2
bluejays,2
PussyGrabbing,2
Parody,2
ClintonCrimeFamily,2
FAILED,2
ohio,2
BabyHands,2
Afghanistan,2
luminox,2
FDT,2
YOUhavePURPOSE,2
PK,2
RU,2
facepalm,2
webdesign,2
npr,2
cigardave,2
businessman,2
Sanctions,2
SexualPredator,2
wfaaitp,2
hillaryscandal,2
northcarolina,2
ImVoting4SteinBecause,2
Selfish,2
FOUNDATION,2
sundaynight,2
dems,2
islamismo,2
musicals,2
statists,2
matthew,2
wakeup,2
Mosul,2
DumpGOP,2
lobby,2
ISLAM,2
drawing,2
ToldYouSo,2
tco,2
дебаты,2
BS,2
EMAIL,2
GLOBAL,2
to,2
San,2
OilandGas,2
NeedMoney,2
nfl,2
wambulance,2
Drudge,2
trucker,2
Walton,2
SPACE,2
Confusing,2
USAelection,2
USWahl2016,2
TheDebate,2
Libyen,2
hillarylies,2
nintendo,2
White_House,2
accused,2
4profit,2
blaming,2
hi,2
Presidentielle,2
Einstein,2
NBCNEWS,2
Cortland,2
takenotes,2
justsaying,2
Disoriented,2
jokeoftheday,2
WebbHubbell,2
JUSTICEFORJUANITA,2
stunt,2
Stampa,1
chile,1
hats,1
OOTD,1
Power,1
BigChoices,1
Communist,1
OkayHillary,1
swag,1
bayh,1
Watch,1
seriously,1
bimbos,1
HATEONBOTHCANDIDATES,1
bastonate,1
whosgonnawin,1
mlb,1
Podestra,1
2leeghoofden,1
dollar,1
BREAKINGNEWS,1
socialmediahours,1
TAXES,1
GSPMDebate,1
SanFrancisco,1
WassermanSchultz,1
MakeAmericaGreatBritainAgain,1
crotchshake,1
TownhallDebate,1
Tepic,1
urinating,1
Israele,1
notokay,1
Nightmare,1
yourfacewillfreezethatway,1
Blackvote,1
ShowUsYourTaxesDONALD,1
Sniffles,1
punchhimintheface,1
ART,1
liberty,1
enfrentan,1
H1B,1
Cliton2016,1
impartial,1
PARIS,1
QQSM,1
hillaryf2016,1
FuckPolliticalCorrectness,1
cracked,1
33000Emails,1
RTSUSA,1
Veteranos,1
donatori,1
SlylockFox,1
k,1
publiceducation,1
GoLive,1
SecureOurBorders,1
Serial,1
NOPE,1
StDebate,1
falseflag,1
oathkeepers,1
mileycyrus,1
MORONS,1
Jeb,1
Satan,1
Security,1
limps,1
Banter,1
NOLA,1
advocateforwomen,1
MEMBER,1
ElectoralCollege,1
UnfitForPresident,1
lordofflies,1
kathleenwilley,1
HarveyWeinstein,1
throwherinjail,1
Stl,1
impuestos,1
HRW,1
Deceit,1
アメリカ,1
DebateStrategy,1
themandus,1
Hacking,1
Women2016,1
me,1
Crazy,1
themostinterestingmanonradio,1
DonaldRump,1
TrumpFraud,1
Rubio,1
ConservativeSolutions,1
Christians,1
itsnotherfault,1
BodyCount,1
demdebate,1
mysideshurt,1
my,1
HotMess,1
WHITE,1
Wearegood,1
GTAOnline,1
wakeupamerica,1
laughs,1
ClintoFUNDation,1
debonr,1
Energie,1
donaldtrump2016,1
handelsblatt,1
HouseOfCards,1
womensrights,1
off,1
SandNigger,1
LT,1
Blackfeminism,1
Jordan,1
Diploribles,1
interview,1
puns,1
NoDapl,1
LOOPHOLE,1
beauty,1
Airmen,1
paytoplay,1
trumpkin,1
언프리티랩스타,1
PLQ,1
Serbia,1
GE,1
PNW,1
sickening,1
Deabtes2016,1
США,1
africa,1
OkOk,1
greed,1
Blue,1
faal,1
MOLIRE,1
shouldbepainting,1
RussianUraniumDeal,1
Stop,1
warcriminal,1
77BillionOdds,1
finishHim,1
Oligarchen,1
assaultonwomen,1
hypocritehillary,1
AfunnyOne,1
neworleans,1
fit,1
personal,1
Athletes,1
gente,1
billions,1
doublingdown,1
TRUe,1
GlennBeck,1
Shameless,1
ilikethesmartone,1
tickets,1
them,1
VotoLatino2016,1
ItStartsWithUs,1
debates16,1
1A,1
rhetoric,1
BillClintonIsRapist,1
Vunzigespelletjes,1
HandGuns,1
arrested,1
voto,1
Rigged,1
timeout,1
SNAP,1
AlBundy,1
bepositive,1
Humor,1
MakeAmericaAgain,1
3amTweets,1
innocent,1
trading,1
WorldWars,1
USMC,1
Feminism,1
disloyalty,1
venezuela,1
fuckingOwned,1
assaults,1
givingclintonachance,1
free,1
admits,1
Nachrichten,1
Sooey,1
elecciones,1
ترامب,1
emailleak,1
cbcpnp,1
priorities,1
voteClinton,1
No2Clinton,1
Chat,1
loud,1
TheUpsideDown,1
DEBUNKED,1
LucSchrijvers,1
MRCARTER,1
another,1
YOU,1
Shady,1
CAMPAIGN,1
LMFAO,1
EmailLeak,1
Newsflash,1
Yeezident,1
trumpwomen,1
Liberalswantthis,1
Islamaphobia,1
OneVenusThrow,1
Munchhausen,1
Donalt,1
PlayingTheWomenCard,1
Mideast,1
GoGirl,1
TrumpSniff,1
clothespin2016,1
likely,1
Usher,1
fearmonger,1
DEPLORABLES,1
Chine,1
Agression,1
HillaryIsEvil,1
pardonmyfrench,1
trumpendorsesClinton,1
debatePresidencial,1
BringDownTheMedia,1
mind,1
Oceanhill,1
HuffingtonPost,1
childcare,1
FlyTheW,1
isthisreallife,1
DelightfullyHonest,1
diaz,1
Christian,1
WhoWouldJesusRape,1
thieving,1
JAIL,1
Ask,1
debateTrump,1
middleclass,1
presidentobama,1
specialforces,1
honestly_a_Liar,1
Staatsmroep,1
ImwithHer,1
tyt,1
Alabama,1
Sauditi,1
don,1
GWBush,1
presidentialcandidate,1
medical,1
slowcooker,1
barran_nyheter,1
Lockherup,1
slipknot,1
evangelical,1
FeriadoBancario,1
FACT,1
bait,1
NPO1,1
trumpcurse,1
ThePurgeElectionYear,1
radio,1
cocaineputin,1
DopeyDonald,1
graffitiart,1
PolicyIssues,1
costarei,1
Клинтон,1
HillaryHypocrite,1
FactChecked,1
BradysBack,1
NationalCampaign,1
hilaryemails,1
Speeches,1
CaroleColeman,1
Kurznachrichten,1
SPACE_WAR,1
OnlyInAmerica,1
whatsgoingon,1
ECUADOR,1
WeAreWithHim,1
HillaryEnnables,1
BullshitArtists,1
greens,1
POLICIES,1
release,1
pokemongo,1
fair,1
imnotwithher,1
Amerikan,1
Agresivo,1
MyStepsWill,1
gentleman,1
eaglepointpark,1
uselections2016,1
LOOKUP,1
historyteacher,1
VoteGreen,1
chiefstrategist,1
Info,1
RiverCity,1
Uspoli,1
USPresidentialDebate2016,1
Трамп,1
Notrump,1
relevancy,1
intelligent,1
withher,1
climate,1
fns,1
candidate,1
against,1
UpstateNY,1
brag,1
Musulmanes,1
SigningOff,1
and,1
USkettu,1
Hitlery,1
Climatechange,1
rapbattle,1
TVLibertés,1
strongwomen,1
contribtors,1
THIEVERY,1
Sorry,1
SamKinison,1
conference,1
pregame,1
theoffice,1
RealProblem,1
worldorder,1
Noquit,1
NCDNDEBATE,1
WriteInBiden,1
politicskid,1
EleccionesUSA,1
presidentialcandidates,1
CitizenUnited,1
Elect,1
tonight,1
keypolicies,1
forum,1
censors,1
hijrah,1
Stophate,1
PublicUtility,1
Undecided,1
CarlBecker,1
is,1
speech,1
FullRepeal,1
GeorgeOsbourne,1
nuuh,1
BarrySeal,1
alien,1
Tory,1
regressiveleft,1
TrumpQuit,1
wdr,1
TheRealDonald,1
babies,1
80s,1
Arabie_Saoudite,1
GOPsuckers,1
GetHippWithSkipp,1
TrumpDisaster,1
VP,1
action,1
nextpresident,1
candidatos,1
catheter,1
MakeAmericaGrabAgain,1
billclintonisrapist,1
java,1
billclintondidthat,1
echoed,1
FamilyFeud,1
BigBrother,1
dads,1
wybory,1
gospelmusiciansunited1,1
MURDERER,1
downwithDaesh,1
MoneyLaundering,1
scam,1
marxism,1
HireHillary,1
DiningRoom,1
fkd,1
tesuperpaseo,1
fatChecking,1
niggers,1
staypositive,1
Scorpio,1
Baghdad,1
Soulless,1
Flint,1
Pescanik,1
corrupthillary,1
match,1
Spence,1
ThinkForYourself,1
smdh,1
reagan,1
HillaryforPresident2016,1
BeTheDecider,1
LiesAndBS,1
Tru,1
Kohle,1
Evangelical,1
Art,1
LesserOfTwoEvils,1
nude,1
dishonest,1
Trumpin,1
Bezos,1
Health,1
HopeNot,1
vastRightwing,1
GunShow,1
sexuallyassaulted,1
FLYZONE,1
SUPPORT,1
gohigh,1
dead,1
ебалмамкуадминаиейэтопонравилось,1
Wake,1
creep,1
ImpuestosdeTrump,1
GotchaMoment,1
apnews,1
BillsMafia,1
DumbAssDonald,1
surging,1
2k16,1
USAnvaalit,1
zombies,1
deleted,1
AirForceDay,1
illustration,1
Sweden,1
Europa,1
nationalshower,1
CorruptClinton,1
trustworthy,1
Games,1
donaltrump,1
Chemnitz,1
juanitabroddrick,1
presidentials,1
NotPerfect,1
wtfisgoingon,1
down,1
VoteClinton,1
GRASP,1
old,1
Mikrokredite,1
Trumpocalypse2016,1
adarg,1
sepudes,1
HillarysStool,1
anderson,1
or50lbsofturkeyfirst,1
GrapeStomp,1
call,1
Infos,1
dadlife,1
amateur,1
inmigrantes,1
Blockchain,1
tigers,1
CorruptionFarAndWide,1
JayZ,1
trum,1
Roast,1
Benghaz,1
true,1
EnablerHillary,1
Weapons,1
nieuwsuur,1
mtp,1
mtv,1
sheisnomorefittobeprezthanheis,1
Engineering,1
Damn,1
SaveAleppo,1
usapol,1
average,1
DUTY,1
Debatesnight,1
cnnenespanol,1
upset,1
Caught,1
whowon,1
stomachturning,1
mold,1
TheVoiceKids,1
JheneAinko,1
ItWasMoreThanOne,1
Ignorant,1
Trolls,1
denies,1
Finanzas,1
RESIGN,1
parenthood,1
хиллари,1
VOTETrumpPence2016,1
bigleaguetruth,1
RNCe,1
JusticeForKathleen,1
hellzya,1
n8,1
specialprosecutor,1
hllary,1
GoldmanSachsSpeech,1
Gotham,1
TrustTrump,1
livetweet,1
Conflict,1
presidenzialiusa,1
BiasedJournalism,1
german,1
finally,1
Amerikakiest,1
trumpmerica,1
MudSlinging,1
advantage,1
SteveJobs,1
Jullian,1
vegan,1
SniffGate,1
weaponized,1
Where,1
politicalplayoffs,1
stapler,1
PCIDeb2,1
WILL,1
tump,1
espoir,1
Taj,1
girlpower,1
boldAF,1
Rigging,1
NEST,1
GTBTP,1
clintonsactions,1
pedo,1
Regan,1
CorporateProfits,1
CorruptDNC,1
PresidentialMyAss,1
Zazzle,1
Cruz,1
ystad,1
Seçim,1
eating50lbsofhamfirst,1
Me,1
GoChips,1
votehillary,1
MainstreamMedia,1
water,1
fatcheckhim,1
stickandmove,1
watchingUSADebate,1
My,1
SouthPark,1
HydeAmendment,1
EVER,1
NotSurprised,1
wnl,1
voldermort,1
100Days100Faces,1
satan,1
morals,1
NotOkay,1
When,1
Publish,1
EUref,1
Mondays,1
blck,1
kenbone2016,1
americafirst,1
cucks,1
SexCrimes,1
FiveThirtyEight,1
ShametheDevil,1
中東,1
stopthemudslinging,1
MediaIdiocy,1
trumpvoodoodolls,1
Tuymans,1
Comment,1
kerry,1
Plea,1
saysomethingnice,1
Acidwash,1
hypacrit,1
StuffIt,1
Republikeinen,1
FixItJesus,1
emailgate,1
Family,1
German,1
Cheat,1
notpresidentmaterial,1
MMA,1
dedicated,1
SomebodyKillMe,1
Cheap,1
dirtyoldmen,1
USA_Today,1
okcfox,1
stroke,1
shamelessplug,1
spd,1
TrustThePrediction,1
stopsniffing,1
nodebate,1
60minutes,1
actual,1
vintagedebate,1
Vergonzoso,1
DontBooVote,1
Cameron,1
Ecuador,1
date,1
end,1
Whitewashing,1
worldview,1
caseyanthony,1
Islamists,1
GanaTrump,1
silence,1
marriageequality,1
Ayotzinapa,1
talk,1
thuglife,1
Botteri,1
48LawsOfPower,1
Fed,1
RINOBastards,1
Rihanna,1
TrumpsterWarriors,1
lied,1
syrianhumanitariancrisis,1
NoRespect,1
badgirlsclub,1
neocon,1
LordHelp,1
trumpPK,1
texas,1
prime,1
non,1
TeaParty,1
moms,1
VacationCreation,1
killem,1
Waterboarding,1
malatempora,1
FantasyLand,1
pimp,1
IAmWithHer,1
SandersSupporters,1
clintontrumpdebate,1
Msm,1
debating,1
PENNSYLVANIA,1
Deceitful,1
OTAN,1
americanism,1
KenBone4Pres,1
honduras,1
sickofpolitics,1
Barack,1
mediastilte,1
likeaboss,1
simpatico,1
Don,1
clintonlost,1
AfD,1
BroncosCountry,1
HillarysLiesMatter,1
NotOk,1
smirnoff,1
Stone,1
DonaldTump,1
bombs,1
G,1
RapeSurvivor,1
BIRDSofPREY,1
andreadipre,1
RepublicanPresident,1
Ends,1
LatAm,1
folloback,1
Traitors,1
Ronco,1
TalkingAboutWeakness,1
YES,1
WhyIsntMelaniaTrump,1
ShoutItOut,1
2016Coup,1
punk,1
breitbart,1
giveUSanotheroption,1
BucketList,1
Careless,1
democraten,1
Ballot,1
ammo,1
Brazil,1
PresidentalDebate2016,1
MA,1
TED,1
Asia,1
MichaelJackson,1
vetopower,1
GoUSA,1
TRATOR,1
caught,1
lockeroombanter,1
bennington,1
grabAmericabythepussy2016,1
fml,1
tragic,1
megalomaniac,1
SaidNoPoliticianEver,1
national,1
shimmygate,1
BringBackObjectiveJournalism,1
Electi,1
VoteLiberty,1
DoloresUmbridge,1
television,1
Love,1
nodignity,1
ClintonFoundationLeak,1
Civil,1
YoureFired,1
Court,1
Environmentalist,1
prostitution,1
BillClintonRAPESwomen,1
PeacewithPutin,1
CNNEE,1
DT,1
nazi,1
BummerSticker,1
debateprep,1
lewisnky,1
paulkeating,1
pslivedebate,1
Livestream,1
glyphosate,1
occupywallstreet,1
Wahlkampfthema,1
Trumpwins,1
joker,1
betrayal,1
MoreElectableThanClinton,1
MediaManipulation,1
remarks,1
EWTN,1
CNNKFile,1
cuban,1
Godzilla,1
messedupsamples,1
touche,1
Film,1
Fitbit,1
mediasvendus,1
WA,1
nobigdeal,1
Political,1
DELUSIONALS,1
awkwardgirlsweekend,1
GrabHerByThePussy,1
KenBone2016,1
reallife,1
ABCNEWS,1
USpresidential,1
BanTrophyHunting,1
DebateTrumpClinton,1
Cardento,1
manman,1
storelife,1
f4fb,1
Animaniacs,1
90sKids,1
info,1
humanssodumb,1
stormfront,1
Salamibrot,1
Reviews,1
Deeds,1
Livefeed,1
Amis,1
Libertarians,1
persianpolitics,1
Intellectual,1
JusticeForBenghazi,1
Autograph,1
uselection2016,1
DumpOnTrump,1
BimboEruption,1
Funding,1
hillaryliesmatter,1
alpolitics,1
Followers,1
foul,1
Globalist,1
hillaryshealth,1
Babylon,1
fails,1
thunderdome,1
review,1
EarthAlert,1
trumpforpresident,1
Vaginas,1
Berlin,1
ItsOn,1
3AM,1
Puppet,1
MonicaLevinsky,1
TrumpSupporters,1
Ckg,1
GrabTheKitty,1
KUTV2News,1
MICHIGAN,1
lockeroomtalk,1
Nannygate,1
menacing,1
stopchildabuse,1
PresidentialDebate2,1
sataficionados,1
YouAreARapist,1
jfk,1
blame,1
antivaxxer,1
trader,1
leftists,1
theEstablishment,1
sapolsky,1
AmericaWeNeedToPray,1
Volltrump,1
BadGirlsClub,1
HUMANE,1
JusticeForPaula,1
turkey,1
taxcheat,1
antiwhite,1
Paix,1
TODAY,1
Vogts,1
openingnight,1
Just30Days,1
THUGLIFE,1
wrightstuff,1
graveyard,1
robbed,1
snitching,1
FedTax,1
FAIL,1
dank,1
BillGates,1
WISCONSIN,1
Sniffle,1
BigSean,1
humans,1
meow,1
career,1
2016Debate,1
lire,1
BloombergBNA,1
Michnik,1
cock,1
JoyBehar,1
Giovanotto,1
MattLauer,1
fernb,1
Sudan,1
Politicians,1
punched,1
ifitssunday,1
mcgregor,1
presidentsverkiezingen,1
Survivor,1
shiv,1
SUNDAY,1
WorkFromHome,1
gentlemen,1
bielema,1
Disgraceful,1
SundayNightFight,1
Tours,1
ChinUpGOP,1
Debates2016live,1
Boulton,1
talkingInCircles,1
GodHelpThem,1
I,1
AlphaMales,1
cheers,1
running,1
Analysis,1
NoMoreClintons,1
STOPABORTION,1
Idiocracy,1
pennsylvania,1
Kobane,1
obamer,1
CNNnewsroom,1
BernieorBust,1
poldark,1
alternativeenergy,1
BoycottNFL,1
Gefängnis,1
morons,1
PartyOfRacists,1
TubbyTrump,1
howardsternspenis,1
SimpsonBowles,1
verdad,1
sapevatelo,1
thebonezone,1
Her,1
InfoResumen,1
civil,1
Zuckerberg,1
presidntdebate,1
MedioOriente,1
WoodrowWilson,1
USVote,1
WrongTrack,1
SyrianRefugees,1
Voldermort,1
Shelton,1
Lincton,1
moe,1
MouthSounds,1
ch4,1
Selfie,1
drunkdebate,1
StolenElection,1
VOMIT,1
SundayMorn,1
JASTA,1
Threats,1
Potter,1
debateparty,1
themermaidtavern,1
showman,1
censorship,1
QuitOrBeFired,1
medioOriente,1
drawlloween2016,1
ATTACK,1
hacetecargodelotuyo,1
Pay4Play,1
Sponsored,1
MarriageEquality,1
highbrow,1
biasedmoderators,1
hypocrate,1
Ellenforpresident,1
lmfao,1
ćuran,1
UNTJ5330,1
nightcap,1
대선토론,1
GreatRecession,1
nohope4humans,1
GrabThemByTheP,1
friendship,1
Two_Party,1
Hillbilly,1
Medien,1
LifeLongFriends,1
Dannelsesrejse,1
amó,1
hashtagabuse,1
Trumpsplosion,1
equality,1
asamblea,1
kissen2016,1
Haïti,1
liberallogic101,1
corruptclintons,1
TheFly,1
NDDL,1
sextrafficking,1
ScoobyDoo,1
her,1
trumpputsmetosleep,1
Garossino,1
ABDSeçimleri,1
alleges,1
bodycount,1
fascista,1
marr,1
SundayBlogShare,1
politicalloser,1
Safeworld,1
fascists,1
Small,1
PraticaSottoLaScrivaniaVaBene,1
ListenAndBelieve,1
LibCrib,1
Startup,1
kennethbone,1
WwJd,1
abuser,1
misogynist,1
MERKEL,1
ignorant,1
Degrading,1
offtherails,1
diversity,1
samelitter,1
Garland,1
idiot,1
StayInTouch,1
WAG,1
YoureNoDiplomat,1
2nddebate,1
lasttweet,1
trelleborg,1
SuperPowers,1
students,1
disabled,1
goo,1
Despicable,1
coverage,1
Empire,1
thebachelorette,1
Mexican,1
AmericaLatina,1
mask,1
moonlight,1
YourARapist,1
Bri,1
all,1
POPE,1
livesound,1
REDSIG,1
CapitalStreetFX,1
Smurf,1
Dirtbag,1
BRAZILE,1
HumayunKhan,1
superhero,1
RudyGuliani,1
irrelevant,1
tt,1
TAX,1
discussions,1
Disney,1
NYSenator,1
STATE_DEPARTMENT,1
atLeastGetOnTheSamePage,1
PresDebate2,1
Miserylovesgin,1
akaradio,1
hemp,1
WOYM,1
strand,1
RoastBattle,1
GrabbingThemByThePussy,1
Trumpen,1
pbs,1
scamdal,1
celebrity,1
sanz,1
ImpeachComey,1
HillarytheEnabler,1
spaceout,1
Gaziantep,1
collinsworth,1
Correa,1
Ukraine,1
GREAT,1
9DeOctubre,1
GrabHimByTheBallot,1
DonaldSucks,1
HillaryRottenClinton,1
grabm,1
design,1
DirtyDebate,1
will,1
what,1
canadastyle,1
Releases,1
poisonous,1
NoIdea,1
трамп,1
LasVegas,1
UNTJ4270,1
MexicoCity,1
magicmike,1
Sniffing,1
newspaper,1
TMZ,1
SexualAssaultSupport,1
CEMENT,1
goofyAF,1
PRESUPPOSITION,1
sortition,1
Pundits,1
DrinkingGame,1
dumbies,1
bootsontheground,1
Ohioians,1
BuffetRule,1
father,1
Curry,1
vidéo,1
hillar,1
buildthatdamnwall,1
Newsmax,1
Baseball,1
sorrynotsorry,1
VoteHarder,1
Graves,1
terror,1
Roger,1
Sunlight,1
KXL,1
IsThisRealLife,1
none,1
ImVoting4JillSteinbecause,1
TruthVTreason,1
UStax,1
AnswerTheQ,1
debateb,1
Frightened,1
Conference,1
OhGod,1
PunchHimInTheFace,1
Vine,1
share,1
Ethics4Sale,1
accept,1
RussiaCallYourBoyHome,1
DBAA,1
Cause,1
AmericaIsStupid,1
Akron,1
needs,1
awkward,1
STICKERS,1
TownHall2016,1
ImWithherNotMe,1
dontgrabourdaughters,1
lowlevel,1
foodstamps,1
PresidentTrump,1
ransom,1
HILLARYCLINTON,1
onderwijs,1
GOPleaders,1
Trumpers,1
progressives,1
ff,1
jihadist,1
PrivateSausage,1
makesnosense,1
facebook,1
mexican,1
StillAintWithTrumpTho,1
womenoffurpayroll,1
Tales,1
DonaldTrump2016,1
Manson,1
fixtherealissues,1
environmentalist,1
wordsdontmeananything,1
mrTrump,1
notwithher,1
Italy,1
Banghazi,1
disagrees,1
Witch,1
fool,1
Dunning,1
Jihadist,1
TaxLoophole,1
POLICY,1
UGLIEST,1
UFC206,1
StaffPhysician,1
truths,1
dogsagainsttrump,1
evade,1
val,1
DoubleStandard,1
Smalandsposten,1
Shades,1
thebestmedicine,1
shocking,1
PYD,1
AlGore,1
biden2016,1
BAMH,1
Gheddafi,1
Gentleman,1
LaZizanie,1
police,1
noshakinghands,1
liveblog,1
cursetrump,1
leave,1
beststudybreak,1
PresidentialCandidate,1
zoidberg,1
MadamPresident,1
bitherism,1
BillClintonIsARAPIST,1
promo,1
armingtheKurds,1
Report,1
votenope,1
sniffsniff,1
wrongiswrong,1
wwenomercy,1
Website,1
rothschilds,1
aiutare,1
css,1
FaceTheNation,1
Rude,1
부메랑,1
prejudice,1
threat,1
RoleModels,1
SilvioBerlusconi,1
twoface,1
ClintonMachine,1
Damaged,1
darkesttimeline,1
orangelife,1
ITELE,1
AtheistVoter,1
Debates2016withou,1
NOTokay,1
NutsandSluts,1
boybye,1
destino2106,1
Crabs,1
CretellaRoberta,1
drinkinggames,1
ginalisa,1
PopCorn,1
NewYorkPost,1
Problem,1
lordhavemercy,1
JenStoltenberg,1
Interests,1
cambiato,1
stalk,1
insulted,1
TwitterCensorship,1
BiggerBasket,1
banthisfilth,1
nominee,1
bushfamily,1
OMalley,1
ALIENS,1
SethRich,1
womentrump,1
neverdowells,1
graffiti,1
DebateClintonTrump,1
BodyLanguage,1
3rdterm,1
escapades,1
ca,1
WeAreDoomed2016,1
Germany,1
QUESTIONS,1
DeepState,1
squadgoals,1
Solar,1
comey,1
Goverment,1
suck,1
corrupts,1
YouDecide,1
singlepayer,1
voterfraud,1
TEST,1
corrupti,1
medialiteracy,1
callivanka,1
FLORIDA,1
stfu,1
neverhilary,1
ootn,1
ItsInOurHands,1
nddl,1
ClintonHealth,1
music,1
Sailors,1
31daysofhorror,1
USWahlkampf,1
Assault,1
débatenmousse,1
orangehitler,1
PresidentialCampaignCoverage,1
giants,1
IRAN,1
goes,1
nationalSecurity,1
Medicare,1
evangelicals,1
NoHomo,1
GoodOne,1
PHOENIX,1
PeaceEducation,1
gloves,1
IStandWithRussia,1
Lions,1
ivanka,1
STDs,1
insane,1
body,1
For,1
TrumpDatingTips,1
moveon,1
Neither,1
Argentina,1
cheapshot,1
please,1
demons,1
BillClintonisarapist,1
Richards,1
marriage,1
BillsWomen,1
compliment,1
WriteIinBernie,1
TopTechJobs,1
MiddleClass,1
Sanity,1
STD,1
fatality,1
TruePatriots,1
market,1
neocons,1
T1D,1
SheLies,1
AUDIENCE,1
economicgrowth,1
FeelTheJohnson,1
baltimore,1
WarMongerer,1
firstdebate,1
DaughtersAgainstFathersVotingForTrump,1
simple,1
greenandyellow,1
WhoWon,1
fucktrump,1
لو_انك_لاعب_وين_بتلعب,1
Uselections2016,1
Was,1
Duet,1
expensive,1
HouseRepresentatives,1
TrumpCloseThoseBorders,1
StackingUnscientificOnlinePolls,1
BirdieSanders,1
3dChess,1
empty,1
HER,1
KeyBank,1
LeBron,1
moderation,1
Banques,1
Current,1
Istandwithtrump,1
Publicity,1
taxbreaks,1
blameGames,1
BringBackObje,1
smart,1
Market,1
Qatar,1
AfroAmericanos,1
WTFU,1
integrity,1
Crude,1
ThisisWhyIDontWatchThem,1
AssHarassment,1
southpark,1
decor,1
viols,1
ourchoice,1
aburrido,1
HillaryENABLED,1
audiogate,1
MakingAmericaGreat,1
DeleteTrump,1
CrownManor,1
RepublicansAgainstTrump,1
MakeThanksgivingGreatAgain,1
VoteforHillary,1
daughters,1
AmericainBastards,1
Godhelpus,1
amerikakiest,1
dirtypolitics,1
Miosga,1
SitOnYourBroomstick,1
dystopian,1
poland,1
Investigate,1
savvy,1
Milleneals,1
outoftouch,1
NeverEither,1
PaedoVIP,1
stachelife,1
Debatesinfiltro,1
befuddled,1
americanrhetoric,1
Russophobic,1
Makeamericagreatagin,1
humour,1
Imvoting4JillBecause,1
SheIsRiight,1
SocialMedia,1
HofstraUniversity,1
SnifflingTrump,1
parents,1
homeland,1
getstoned,1
shootstraight,1
Marine,1
Kardashians,1
forces,1
laphroaig,1
ImNothingIfNotBipartisan,1
ClintonRAPE,1
judgement,1
game,1
OnTheRecord,1
superbowl,1
ZPE,1
NotHer,1
Number2,1
puckherrightinfussy,1
clintoncampaign,1
FB,1
deepState,1
unstable,1
IslamoSERVILES,1
AmericaLoses,1
inktober,1
politicing,1
GlobalGoals,1
TicTac,1
senate,1
Disability,1
WPost,1
Affäre,1
Kept,1
nancypelosi,1
DisasterWithoutEnd,1
Moscow,1
EstateTax,1
movieshoutout,1
boras_tidning,1
dtmag,1
alexjones,1
MakeDonaldGoAway,1
Hurricane,1
Signed,1
zombie,1
pressconference,1
santa,1
MORON,1
Bob,1
ActOnClimate,1
Dump,1
PeytonManning,1
paulRyan,1
ambush,1
replacetrump,1
germany,1
Pong,1
Pokemon,1
KNUSDebate,1
Rudaw,1
MarriedWithChildren,1
Verschlüsseung,1
lowtestosterone,1
apoyan,1
Impeachment,1
valianteffort,1
pentagon,1
delusional,1
asshats,1
1600wiesbaden,1
TrumpDonorsBankrupcy,1
winkwink,1
DropTrump,1
TightRace,1
Wrestlemania,1
WHsex,1
DebateNightConcessions,1
raceforthescumhouse,1
QS,1
Deals,1
imwitheher,1
LiberalAgenda,1
hackjoke,1
Us,1
EndtheFed,1
protectyourpussy,1
debatebs,1
antiamerican,1
Usmc,1
Africa,1
slander,1
call911,1
uk,1
factchecker,1
nightmarelection2016,1
noone,1
WhatDonaldTrumpTaughtUs,1
StandByYourMan,1
defined,1
YoureArapist,1
Defiant,1
Attack,1
seethe,1
usaelections2016,1
nah,1
GauchoFachiste,1
Amenazas,1
Democraticprimaries,1
BorderFence,1
badmoderator,1
AmericanFlagPin,1
Colts,1
CAQ,1
AC,1
PureEvil,1
Hoefling,1
Mike,1
DebateTime,1
bushdid911,1
Electoral,1
PatPaulsonForPresident,1
DebateWithFFL,1
socrates,1
beers,1
cheetos,1
ThisTown,1
savior,1
путин,1
Self,1
psyche,1
TimesUp,1
Pathetic,1
TP,1
sexualharassment,1
Debategetting,1
minions,1
drinkinggame,1
Irony,1
RoundAndRound,1
ukulele,1
clasecirco,1
storevibes,1
MakeAmericaGropeAgain,1
narcissic,1
NearlyIgnored,1
pussypass,1
MichaelReagan,1
SickHillary,1
Vulgarly,1
DunceDonald,1
False,1
cunyjvote,1
Recipe,1
Goodnight,1
cfl,1
PLEASE,1
primaire2016,1
Long,1
APNews,1
Sydostran,1
Maryland,1
MILLENIALS,1
Daech,1
TRAITOROUS,1
trumppence16,1
disinformation,1
twins,1
justwords,1
technology,1
namedropping,1
landmarkforum,1
CorruptRNC,1
FTW,1
newyork,1
Rapper,1
Inktober,1
underwood,1
Norge,1
bachelor,1
undertheirwatch,1
dictators,1
imabouttoproveyouwrong,1
CrookedHillry,1
usanvaslit,1
onair,1
Chinese,1
NKorea,1
Luegenpresse,1
NightRelaxParlar,1
Gallego,1
rdi,1
tapes,1
12yr,1
UnderstandTheThreat,1
WomensRights,1
Decal,1
thisisnotacurve,1
breakalldoors,1
DRUGS,1
Sayonara_,1
Voteneither,1
Nomination,1
Angriff,1
everyoneloses,1
nascar,1
Editorial,1
moneyforcrime,1
mattlauer,1
GOPLeaders,1
mustlisten,1
billcosby,1
PERJURY,1
obvious,1
30yrexperience,1
tictactape,1
Nationalism,1
isthisreal,1
control,1
VoteTrumpPence16,1
SNFootball,1
UnitedNations,1
passthepotatoes,1
smallfortune,1
COEXIST,1
allnighter,1
Prostitution,1
trashmedia,1
tan,1
CSPAN,1
sondaggi,1
WellDone,1
andersen,1
Blowjob,1
freethenipple,1
Underhisbreath,1
Blumenthal,1
PodestaLeaks,1
contempt,1
NHS,1
CorruptActions,1
swedish,1
cosmic,1
stop,1
Ryan,1
America2016,1
USpolicy,1
bigleague,1
lordhelpusall,1
strausskhan,1
Casanova,1
HIV,1
SACRIFICE,1
IMPEACHMENT,1
cotethirdparty,1
LOCKHERUP,1
hestoonarrowminded,1
IamWithHer,1
princeandrew,1
HolyShnikes,1
diggingahole,1
KILL,1
bernout,1
donewithcareerpoloticians,1
Blames,1
politicallyreactive,1
WarIsACrime,1
Billary,1
droning,1
Mediabuzz,1
Conviction,1
Loser,1
WNL,1
nocredibility,1
girlfriend,1
Mundo,1
KeyWords,1
StillSanders,1
davidduke,1
arlello,1
Besties,1
debatesove,1
LawAndOrder,1
trumpclintondebate,1
Celebrity,1
Issues,1
hypocriticalmuch,1
France2,1
hoodwinked,1
SaySomethingNiceWhenYouSeeSomethingUgly,1
Germania,1
MediaShills,1
blacktwitter,1
808news,1
puppets,1
donaldsaidthat,1
ComingNovember2016,1
Xingping,1
WYSIWYG,1
actor,1
rigging,1
AlinskyRules,1
VladimirPuttin,1
lordhelpus,1
PublicDefense,1
shit,1
CyberSecurity,1
screamingMatch,1
obliteration,1
wikileakspodesta,1
McCoy,1
wrestlemania,1
stuntswomen,1
GodOverPolitics,1
NoToClinton,1
droomlandamerika,1
SheDidThat,1
neitherCandidate,1
Blacks,1
Augmentedreality,1
ShitStinks,1
whitegenocide,1
Ellictions,1
Team2Rad,1
Follow1x1,1
GOVT,1
ClassifiedEmail,1
CLiNTON,1
ESTABLISHMENT,1
FOXLive,1
Debatestrong,1
hurricane,1
seltsam,1
Cringe,1
Shitfest,1
Sexsklavin,1
attack,1
Cisafare,1
IMissMitt,1
ExecutiveOrder,1
vote4Trump,1
realshit,1
Saban,1
JOHNSON,1
Shafeq,1
designyourown,1
dirtybill,1
elite,1
trumph,1
SupremeCourtJustice,1
FreeChelsea,1
OMG,1
SHARIA,1
WhiteGenocide,1
OrangeBuffoon,1
LatinosVotan,1
sweden,1
india,1
PPlamondon,1
trumppussy,1
hillarylost,1
DumpRyan,1
Followthemoney,1
BLACK,1
have,1
michelleObama,1
Mahal,1
GetOutTheVote,1
8Mile,1
NationalTacoDay,1
mic,1
NewsB,1
TheMoreYouKnow,1
backfiring,1
OHRE,1
クリントン,1
toothferry,1
asshole,1
europei,1
nytimes,1
tshirts,1
sallo,1
conspir4cy,1
MofoforPrez,1
debare2016,1
Detroit,1
ArkansasSchool,1
Krauthammer,1
deny,1
giantmeteor,1
Pot,1
hydrocephalus,1
Actions,1
DrugsDocumentary,1
FollowtheMoney,1
AmericanHorrorStory,1
purell,1
hurricanes,1
nonpoliticians,1
dbc,1
Newest,1
voteclinton,1
Oregon,1
verkiezing,1
hokeypokey,1
comms,1
pussytrump,1
phillipines,1
Republikaner,1
rileyreid,1
nogoodcandidates,1
hope,1
vanderbellen,1
Compliments,1
freespeech,1
BUFFET,1
Dishonesty,1
Neocon,1
AnswerTheQuestion,1
Today,1
ACTIONS,1
electionfraud,1
60Minutes,1
supremecourt,1
warroom,1
debae,1
desrino2016,1
grab,1
CognitiveDissonance,1
sickofit,1
November9th,1
islamophobia,1
mediaparty,1
VFW,1
Terroristen,1
virgindisruptors,1
presidenttrump,1
nochoice,1
GOATboxer,1
Victimes,1
whatisyourproblemasswipe,1
VictimShaming,1
Museveni,1
votefootballnotpolitics,1
Election16,1
Presidentialdebate2016,1
notfittobepotus,1
OBLABLA,1
WICKEDNESS,1
Crosby,1
Jan20th,1
frustrated,1
P2,1
PredatorGeneral,1
growup,1
BenghaziHearing2,1
TruePundit,1
EmailLeaks,1
MotivationMonday,1
Shielding,1
mediaBias,1
legit,1
tantrum,1
PolicyByCrotch,1
NewsWithEd,1
PraisedPutin,1
CORRUPT,1
RedDawn,1
SpeilbergVote,1
Shenanigans,1
NYTi,1
Patton,1
PresidentofUSA,1
PoldarkPBS,1
definedarts,1
TheElectoralCollege,1
TRUMPTRAIN,1
lecciones,1
RealHousewives,1
ReasonsToEikon,1
rump,1
biasedmoderator,1
LadyGaga,1
OBJ,1
الطايف_الان,1
NeoCon,1
Hitlist,1
endalz,1
USAcondom,1
CrookedHillaryClinton,1
DankMemes,1
presidenziali,1
Headass,1
Semantics,1
DeplorableDon,1
istandwithSyria,1
Reconstruction,1
Hillery,1
BoyBye,1
thiselectionisajoke,1
lietome,1
Pretty,1
claimed,1
HolyJordan,1
BasicHumanRights,1
newbook,1
PPK,1
syrian,1
administration,1
defiant,1
film,1
Retards,1
berners4trump,1
PaidSpeeches,1
TertuliaHillaryvsTrump,1
CleanEnergy,1
SuzanneCollins,1
mosca,1
islamaphobes,1
fucked,1
romeoandjuliet,1
Gloria,1
audit,1
retard,1
cnnrealitycheck,1
netchattv,1
weapon,1
States,1
ARD,1
hamilton,1
TurnNCBlue,1
NorthstateVotes,1
kkk,1
Guilani,1
jimmy_wales,1
Itele,1
RTLZ,1
TomBrady,1
lawandorder,1
Experiencia,1
democraticParty,1
LetstalkIssues,1
nato,1
FACTS,1
betting,1
estapasando,1
pieceOfCrap,1
Eldebate,1
slobs,1
sassyandersoncooper,1
Lady,1
journalism,1
loser,1
Cologne,1
HillNO,1
ClintonMakingMoves,1
ScewVeterans,1
roasts,1
KRTpro,1
Prudencia,1
TrumpQuote2008,1
trainwreck,1
dansdanisms,1
ballot,1
hipsters,1
Breakingnews,1
amagenda,1
ZombieHillary,1
Baskeball,1
Alzheimer,1
smackdown,1
screwed,1
FactChecking,1
kbladet,1
duh,1
SyrianRefugee,1
USAshit,1
mouth,1
journal,1
SecretServiceAgent,1
highhorse,1
Toddyoung,1
Arnie,1
GrandRapids,1
listenandbelieve,1
SHUTTHEFUCKUP,1
vulgarity,1
washington,1
crooked,1
raceforthewhitehouse,1
nrc,1
Diversity,1
Pickle,1
CGC,1
hilLIARy,1
EstoyConElla,1
ANDERSON,1
Chile,1
sexuales,1
ClevelandBrowns,1
howardstern,1
FED,1
Weld,1
teaparty,1
nederland,1
neverkillary,1
embarrasing,1
but,1
tools,1
WeAreBetterThanThis,1
secondo,1
FuckIt,1
SelectedByBeckham,1
antimalarici,1
Flags,1
fuckboy,1
datos,1
quesofundido,1
dmv,1
backfired,1
thisisahamiltonreferencebtw,1
firm,1
Instagay,1
TrumpEsTanChavez,1
TuesdayMotivation,1
romney,1
réinformation,1
mtnews,1
TunGui,1
TajMahal,1
Fainting,1
DoAsISayNotAsIDo,1
clintonforpres,1
Families,1
Hillarious,1
HATE,1
Bkn,1
ShahyanTahseen,1
drugs,1
medicareforall,1
OHHillYes,1
JoyOfTravel,1
Poland,1
canada,1
podesdaemails,1
Chan,1
WellsFargo,1
scaricatrump,1
town,1
SMOD2016,1
Lewiinsky,1
Baltimore,1
Billssexlife,1
3rd,1
Illuminati,1
CatiraVieja,1
falseflags,1
goingnuclear,1
DoomedDonald,1
Thug,1
Integrity,1
gatekeeper,1
JudgeJeanine,1
Appear,1
Pues,1
derp,1
nursery,1
TelltheTruth,1
Hillraisers,1
Trans,1
RiggedDebate,1
justsayin,1
ThisOne,1
PussyGrabber,1
OstraSmaland,1
bigmess,1
Clegg,1
ThanksgivingWeekend,1
PokerFace,1
Totalitaire,1
presdebate,1
WeCameWeSawHeDied,1
taxdodger,1
BoxofLosers,1
called,1
solution,1
jihad,1
leaders,1
nukes,1
Barfight,1
Mugabe,1
Nayarit,1
prisons,1
Vinyl,1
Rights,1
Quora,1
GoPackGo,1
new,1
gropers,1
packedhouse,1
Bellend,1
shutup,1
SNIFF,1
immigrazione,1
preparan,1
brainwashed,1
whataboutBill,1
Mursi,1
aid,1
Farrage,1
INTERNET,1
waronwomen,1
trumploser,1
kudos,1
Prostitutes,1
GoldStandard,1
THANKFULIMNOTAMERICAN,1
powermoves,1
someonestopme,1
SnifflesMcTrumpy,1
FoxNe,1
demexit,1
missing,1
NOS,1
Petty,1
militaryspending,1
conservatives,1
excuse,1
cnnbias,1
islamterror,1
TREASON,1
derivatives,1
criminals,1
Thankyou,1
actualité,1
NoMoreMoldySandwiches,1
gofundme,1
imparcial,1
WHY,1
supporters,1
BeatTheBengals,1
illnes,1
LNYHBT,1
Racism,1
crookedkillary,1
DrStrange,1
SundayMor,1
declassify,1
EDM,1
movies,1
hesnotonthestage,1
yup,1
chia,1
il,1
wellplayed,1
Abe,1
La,1
goodtry,1
iamawoman,1
Digital,1
whoelsecanivotefor,1
AnnArbor,1
worse,1
NeverHllary,1
RightWingest,1
Blackmail,1
Hispanos,1
Trumpster,1
lacasabianca,1
persianactor,1
Voleur,1
Dólar,1
Welfare,1
NYGvGB,1
TheChoicePBS,1
undecidedvoters,1
hishaircouldbedrycleaned,1
Tpp,1
AngryBubba,1
CFO,1
wins,1
playboy,1
Paypal,1
TwitternwieBerlineswill,1
rogue,1
democratic,1
updates,1
Criminals,1
WhoIsKennethBone,1
Ntv,1
Hilly,1
funnymemes,1
GotCatty,1
CareerCriminal,1
TrumponWoman,1
Tartus,1
NetWORK,1
getagrip,1
BucketOfLosers,1
Honest,1
Punishment,1
MATTHEW,1
WeWantMoreSheRa,1
ProbALot,1
falsch,1
USElections201,1
Kids,1
diseases,1
intimidation,1
Ignoring,1
MicDrop,1
TrumpHillary,1
USdebates,1
debateEEUU,1
Start,1
Rechte,1
ausnahmslos,1
Artist,1
f4f,1
NancyODell,1
Check,1
mdk,1
Murders,1
crimes,1
nomoretosay,1
Damascus,1
hillary16,1
whatif,1
WPO,1
ChineseGandhi,1
PodestaDump,1
hurts,1
OptionBanque,1
kingcandy,1
Politico,1
silverfox,1
hospitalitybusiness,1
ACCUSED,1
AFM,1
arizona,1
endorsement,1
YucunFishingVillage,1
Cowboys,1
ntv,1
Fragen,1
pumpkins,1
Gaddafi,1
HarvardStudy,1
Soldiers,1
nooffenselotofgoodppl,1
WTTV,1
TheApprentice,1
created,1
fuckhillary,1
forced_,1
KirstenPowers,1
VS,1
hopeless,1
TrailerTrash,1
naughty,1
POLITICO,1
THEFACE,1
drones,1
sundayMorning,1
Lafarge,1
popsicles,1
escalation,1
DavidAxelrod,1
similarities,1
MediaHypocrites,1
seduction,1
nevertrumporhillary,1
merica,1
Xerox,1
Afghan,1
listen,1
urban,1
americanelections,1
noangel,1
clownsightng,1
Trumpsters,1
fmi,1
IAVA,1
tee,1
Patterns,1
wallSt,1
PanamaPapers,1
BlacksForTrump,1
imwithhim,1
immigrants,1
lookwhostalking,1
pneumonia,1
WolfBlitzer,1
everreadybunny,1
GiantsPride,1
BERNIE,1
fashion,1
boston,1
f4follow,1
shitshowclusterfuckpoolza2016,1
Disgusting,1
pigs,1
SUPrez,1
infidelities,1
TheMayhemWrangler,1
Correct,1
MarcoRubio,1
Scotus,1
POW,1
killerclown,1
cmonlesdogg,1
RACE,1
Biden,1
Umkleidekabinenslang,1
clintongonecrazy,1
mensstyle,1
whentheygolow,1
LineInTheSand,1
SuperPAC,1
wheresmycigar,1
Abstain,1
seriousquestion,1
camp,1
lenguajecorporal,1
RNC2016,1
TrumpTariffs,1
pussygrabber,1
PussyTape,1
DeathStare,1
perspective,1
TaxDodgers,1
PBSnewshour,1
earth,1
nevada,1
peeping,1
pinocchio,1
Big,1
Mention,1
SPDUR,1
SundayPolitics,1
HillaryWarOnWomen,1
whentheygolowwegohigh,1
Trumpedup,1
Islamfeindlichkeit,1
aHinCsharp,1
RenieriArts,1
di,1
da,1
StayInformed,1
StopWastingTime,1
WakeUP,1
votetrumpusa,1
Mails,1
freedoms,1
guns,1
WakeUp,1
ALERTE,1
vpdebate,1
presidentclinton,1
disaster,1
StillSniffing,1
IsraelLobby,1
clearwinner,1
HireDEMS,1
Performance,1
John,1
lgbtq,1
SundayFunDay,1
AlanYuhas,1
bild,1
r,1
clintonemails,1
ShariaLaw,1
TrumpPuppets,1
MakeAmericaSafeAgain,1
GENIUS,1
Budget,1
realdebate,1
trumpisaloser,1
basketofdeplrables,1
socialjustice,1
Justsayin,1
PSA,1
TwitterCensoring,1
HoNest,1
familyfirst,1
Gemini,1
Corbyn,1
ClintonFountation,1
faints,1
DebatePrepMatters,1
colorfulcommentary,1
ClintonCartel,1
GoDaddyAuctions,1
2nd,1
periscope,1
trust,1
insiders,1
NETWORK,1
FuckYou,1
difference,1
C8,1
Donal,1
NotOnOurSide,1
Blackfeminist,1
Bedbuddies,1
poddymouths,1
Electionshaveconsequences,1
SuperPacs,1
CorporateDemocrat,1
Philadelphia,1
NeverClinton,1
child,1
treygowdy,1
TrumpedUp,1
Tonightly,1
Palin,1
Avengers,1
ugly,1
GAP,1
chauvinism,1
PRESIDENTCLINTON,1
trumpstaxes,1
shame,1
MiamiDolphins,1
in,1
madonna,1
Mena,1
Sexisme,1
soannoyed,1
Regional,1
IdeologiaDeGenero,1
iatefood,1
poltics,1
liebar,1
Wins,1
publicspeaking,1
FightTheBlind,1
Outraged,1
BostonHerald,1
Enthüllung,1
sacramento,1
illary,1
EnglishAdjectives,1
readysetgo,1
boldrini,1
NOW,1
HillarysAmerica,1
LGBTQ,1
Mine,1
franceinfo,1
umpalumpa,1
hispanic,1
buscarán,1
nystate,1
AlerteA2Balles,1
CompletelyObliberatingHim,1
PayForPlay,1
etica,1
unfair,1
Geaux,1
sex_shop,1
thanks,1
Musel,1
october,1
50PointsHigher,1
POTUS16,1
ImWithTrump,1
StopGovtGridlock,1
Oscar,1
coverup,1
Prepared,1
BeatTheBuccs,1
AlRoker,1
has,1
incestuosity,1
94crimebill,1
Stahl,1
Entertainment,1
AmericanElections,1
ETI,1
cape,1
realDonaldTrupm,1
truthhurts,1
primaries,1
uspresidentialdebate,1
hunt,1
TronaldDumb,1
Shhh,1
BasketofDeplorables,1
vetsfortrump,1
Migration,1
Unfair,1
lurked,1
Again,1
Britexit,1
oyvey,1
Priebus,1
wwf,1
Gorton,1
mtpol,1
clintonLIES,1
podestaEm,1
heebeegeebees,1
pixel,1
DabateCNN,1
Race,1
RapeOfMinor,1
KickRocks,1
NorthCarolina,1
indoctrination,1
felineenvy,1
PoliticsToday,1
PositiveVibesOnly,1
He,1
nygvsgb,1
MustSeeTv,1
DontForgetTheFlash,1
CANARD,1
confrontation,1
USA_Presidential_Debate,1
no4trump,1
USPleite,1
Punchline,1
HillaryClinton2016,1
army,1
WallstreetSpeeches,1
TrumpVsWorld,1
JeffreyEpstein,1
rearview,1
Peshmerga,1
amsterdam,1
Unantastbaren,1
Areyouhearingyourself,1
FactHunt,1
abovethelaw,1
UnlikelyDebateGuests,1
demagogic,1
ImWithJill,1
fashionpolice,1
Limes,1
batman,1
gov,1
HillaryCartel,1
poodlesforhillary,1
3vs1,1
clintonwin,1
treasonous,1
USWahlen,1
lockerroom,1
HotCosby,1
WeakDefence,1
nosjournaal,1
mails,1
politicalad,1
WagtheDog,1
novel,1
evidence,1
corbyn,1
regime,1
DisposibleCamera,1
LIKE,1
RIGGEDDEBATE,1
Fondation,1
reality,1
ny,1
micheleobama,1
Advisor,1
Analytics,1
trafficking,1
why,1
Renzi,1
livestreamed,1
Stannisin16,1
pedophilia,1
laughed,1
dccomics,1
Sellout,1
Farsnivers,1
Witcover,1
USELECTION,1
쇼미더머니,1
serious,1
thenightmanager,1
ThisMustEnd,1
GreenPartyUS,1
sextape,1
StrangerThings,1
roc,1
TheRestOfUs,1
StopTalking,1
twitterPoll,1
Trum2016,1
deporables,1
novote,1
GetReady,1
OhHellNo,1
SecondRoundKO,1
pay,1
un,1
whineylittlebitch,1
Landslide,1
squalificato,1
TrashTalk,1
billionaire,1
drudge,1
Jokes,1
DeVido,1
TheGuyBehindHimIsAppauled,1
TRUMPTAPE,1
AgressionSexuelle,1
wearefucked,1
cool,1
nostress,1
Biracial,1
YourVoteYourVoice,1
هيلاري_كلينتون,1
AdvocateForAll,1
LincolnZingers,1
One,1
COLLUSION,1
victoruaLIVE,1
DOUGESWHURL2016,1
diapers,1
graffitiartist,1
PaulJosephWatson,1
Geopolitik,1
dumpTrump,1
During,1
MomsAgainstTrump,1
CHUG,1
Care,1
OPSEC,1
Stalin,1
gotdamn,1
RevolvingDoor,1
elezioniamericane,1
canadian,1
ClintonLover,1
ItsAMenThing,1
MP,1
boo,1
BenghaziBetty,1
IRREDEAMABLE,1
keepingitreal,1
boozallen,1
Street,1
bloody,1
qualified,1
AntiChrist,1
parking,1
USpolitics,1
TrumpDidABump,1
Australia,1
mentalhealth,1
Failure,1
predictions,1
france,1
IslamicState,1
perv,1
prez,1
cantwait,1
F,1
VnExpress,1
CaeserFlickerman,1
PussyGalore,1
maleprivilege,1
trumpisdumb,1
merksteselber,1
EinStein,1
Latest,1
PennState,1
syrianwar,1
dontbeanasshole,1
dontvoteforthem,1
StyleOverSubstance,1
TurnCongressBlue,1
can,1
Geopolitics,1
frenchquarter,1
Asian,1
meetthepress,1
Children,1
spy,1
citizens,1
PussyRiots,1
CultureOfSexism,1
PlayNice,1
death,1
ASOIAF,1
bespokeela,1
Whitehouse,1
denial,1
bankrupt,1
lluvia,1
PROUDDEPLORABLE,1
killthisparty,1
Why,1
ZINGER,1
bluedog,1
clintonKaine,1
disgusted,1
Parliament,1
RememerBill,1
WhenWillDonCrack,1
Exclusive,1
FolloForFolloBack,1
ayrault,1
Hillorado,1
MassMurder,1
Nursery,1
BushClintonCrimeFamily,1
WatchLearnVote,1
juppe2017,1
Lolita,1
PresidentBush,1
trailortrash,1
nogoodoption,1
ifyoujillthenIwill,1
Bell,1
Aclu,1
TrumpInTurmoil,1
DemandChange,1
NeverTrumporClinton,1
TrumpeTapes,1
djt,1
Aid,1
PresidentialElection2016n,1
GunGrabber,1
VoteNobody,1
savetwitter,1
happened,1
ClownShow,1
sixwords,1
AllNightLong,1
trumpforpotus,1
UnificationChurch,1
bescared,1
theother,1
killed,1
GameofThrones,1
BigDissapointment,1
entrepreneur,1
itstheendoftheworldasweknowit,1
BELONGS,1
BostonGlobe,1
WaronWomen,1
ClintonLies,1
Felix,1
Contest,1
NoOneCaresAnyMore,1
thebestquestionallnight,1
SundayDebate,1
P2P,1
sexually,1
Cigarurbating,1
TinaFey,1
TIMES,1
BucketofLosers,1
pedophile,1
Drump,1
TedEd,1
militarizedpolic,1
StreetFighter,1
charlotte,1
TheKinks,1
makedonalddrumpfagain,1
debtes,1
MeganKelly,1
CrookedKaine,1
pooramerica,1
differentoption,1
forecast,1
honest,1
period,1
unfunnyjokes,1
Hungary,1
OverTimeLimit,1
Respeto,1
stuffjournalistslike,1
FAKE,1
sovereign,1
T̶r̶̶u̶̶m̶̶p̶,1
avenir,1
onu,1
MyFinalThoughtsOnPolitics,1
FreeBernie,1
mediekritik,1
Valls,1
EUParliament,1
MissBernie,1
Do,1
América,1
darkmoney,1
Fake,1
diyeceğimşeyşuki,1
neitherTrumpnorClinton,1
sheswithus,1
BothSuck,1
Drunk,1
drinkspecials,1
marrshow,1
seeds,1
Phony,1
ThePresidentialDebate,1
Debatelive,1
USDebt,1
lurking,1
Trash,1
superman,1
skypapers,1
BillClintisarapist,1
PlayAyiti,1
Speechless,1
Americanpeople,1
HillaryLeaks,1
animation,1
stockholm,1
Atrocities,1
WordsNotWar,1
PS,1
nationalshame,1
PresidentialPolls,1
POTUSDebate,1
Work,1
freelancer,1
Indians,1
HRC2016,1
TRUMPTAPES,1
freakshow,1
PatrickBasham,1
sexslave,1
LorettaLynch,1
BLEACH,1
Gfvip,1
LesterHope,1
parsimony,1
servicemen,1
USfailedstate,1
dick,1
mccain,1
liberation,1
Dowjones,1
ClownScare,1
Quotes,1
Havel,1
ShotsFired,1
get,1
Trump2k16,1
stinger,1
Valinsky,1
Donotbedeceived,1
NoFlyZones,1
irritant,1
Boycott,1
howlowcanyougo,1
flyonclinton,1
Visualize,1
Globalism,1
MindBlown,1
damncopper,1
lincol,1
That,1
Univision,1
caturday,1
shootmenow,1
Fascism,1
VoteForTrump,1
clownsighting,1
Greece,1
checks,1
Independent,1
Bible,1
KimJongun,1
Ayrault,1
Advocates,1
Clinton49,1
trolling,1
Accusers,1
PeytonOnSundayMorning,1
musholusho,1
WINS,1
quiet,1
AskingForAFriend,1
constructionworker,1
Filegate,1
IknowNothing,1
WTI,1
LetsBePoliticallyInvolved,1
eurorcracy,1
FSM,1
Raddatzbiased,1
Trumpmoron,1
SOLDIERS,1
Troyer,1
puppies,1
vacation,1
Democratas,1
leadership,1
pussyriot,1
notgood,1
la7,1
manterrupting,1
couldnthelpmyself,1
ImWithCobblepot,1
SkyzzZ,1
Nov8th,1
TrumpTrainWreck,1
ReleaseTheBern,1
hashtag,1
paesechevai,1
Round,1
actionsvwords,1
RedCap,1
CongratulationsTo,1
KAINE,1
warning,1
hmmmm,1
ScamArtist,1
postseason,1
Basketball,1
España,1
FalseEquivalency,1
whowonthedebate,1
TrumpUniversity,1
PROOF,1
westbrook,1
lifetimepoliticians,1
intense,1
judicialsupremacy,1
HillarySupportsFracking,1
ShesHere,1
Palombelli,1
busted,1
sundayentertainment,1
weakness,1
Regulierungen,1
web,1
hillaryclinto,1
surpremecourtjudges,1
Ferguson,1
missiles,1
singapore,1
holdingears,1
JohnLennon,1
Humanist,1
senator,1
NotMemberOfTheClub,1
Bvote,1
canlıyayın,1
wikkileaks,1
no,1
Exposed,1
Era,1
prochoice,1
CapeTown,1
CleanCoal,1
whoworeitbetter,1
weeping4ournation,1
refugeechildren,1
Pittsburg,1
PropagandaPress,1
HillaryIsAnEnabler,1
UniteDEM,1
korruption,1
rake,1
SXM,1
DefiningDeviancyDown,1
ellen,1
HillaryForPresident,1
Kettle,1
SANDERS,1
Bluelivesmatter,1
Minorities,1
Faith,1
EpicSmackDown,1
NOGMO,1
getawaybackpack,1
jays,1
using,1
execution,1
iStayWoke,1
voteforgoat,1
twofaced,1
trumpdropout,1
StLouisDebate,1
RAI3,1
poo,1
BigBabyDonald,1
Bravo,1
ArmsDeals,1
Bengazi,1
snort,1
Rigged2016,1
Before,1
ffwd,1
Fundraiser,1
HillaryDefeatsDonald,1
IAmKingOfUniverse,1
West,1
EpiPen,1
WORLD,1
New,1
SAVAGE,1
mafia,1
mood,1
youainshit,1
bigdata,1
conservative,1
NoSleep,1
Upstate,1
Groped,1
drumf,1
NEVERHILLARY,1
bucketoflosers,1
ChickTalk,1
CONSPIRACY,1
VOTED,1
VOTING,1
WashU,1
Epstien,1
WORSE,1
on,1
ScottBaio,1
hillyes,1
nafta,1
LaLaLand,1
grumpycats,1
AllIsForgivenJohn,1
kidsofamerica,1
readytobepresident,1
ToxicTrump,1
política,1
blessed,1
VedderforPresident,1
Gingrich,1
heated,1
happening,1
your,1
Destroys,1
RWUJour,1
onepicworthathousandwords,1
reprobatemind,1
philadelphia,1
presidenshaldibeityuesei,1
NY,1
TruthMatters,1
low,1
Trumppence,1
UraniumOne,1
pantsuitonfire,1
ChoiceOfTwoPickOne,1
Limbaugh,1
MonikaLewinski,1
MicWorks,1
Gridlock,1
Harry,1
Hiltergeist,1
Notion,1
splitscreenFTW,1
whatyoulike,1
explaining,1
waste,1
Wahlen,1
House,1
egomaniac,1
coldwar,1
Legislatives2016,1
Retweet,1
clump2016,1
USD,1
PUSSIES,1
momentofsilence,1
CanadianProblems,1
RootsinConservatism,1
bothsuck,1
DACA,1
DoYouJob,1
narcotics,1
that,1
NoJobs,1
Blacklivesmatter,1
trash,1
hillarysrecord,1
johnsonweld2016,1
inktober2016,1
SecondDebateQuestions,1
orangedummy,1
network,1
opensociety,1
SexTape,1
politicswithcoffee,1
trumpgrabs,1
Crime,1
DataScience,1
Pic,1
Mood,1
Presidential2016,1
TeamClinton,1
ChiefSeattle,1
Politik,1
OilAndGas,1
hmmm,1
populisten,1
VoteThirdParty,1
HumanCrisis,1
TempleOfCash,1
Writein,1
rwanda,1
PresidentialDebat,1
FindYourChill,1
justiceleague,1
BelieveMe,1
TrumpTrueBlue,1
Alaska,1
TheYoungTurks,1
fall,1
aWoD,1
présidentielle,1
toobad,1
NuclearDeal,1
bbcbias,1
iStayW,1
trumpswords,1
noflyzone,1
WriteInCandidates,1
womeninscience,1
petrodollar,1
hawk,1
90ThrowBack,1
imwithheramerica,1
paso,1
Fracking,1
orgasm,1
bindersofwomam,1
AntiFracking,1
RowevsWade,1
TuneIn,1
GooglePlay,1
nbd,1
Siiria,1
RipGOP,1
clintonrapist,1
Contagion,1
lurch,1
BokoHaram,1
Abuse,1
NoInterruptBetter,1
sessista,1
public,1
silencieux,1
feelinfly,1
FidelCastro,1
victory,1
BlackoutCNN,1
deaths,1
palin,1
lettheshowbegin,1
ErikaOSanoja,1
Leesvoer,1
Zurich,1
troops,1
jaimeraipasetreamericaine,1
NoMaam,1
advertising,1
RaceToTheBottom,1
stillundecided,1
Independents,1
Exactly,1
ODellPS242,1
abortionist,1
punches,1
Opinion,1
Flowers,1
dropsmic,1
wordsVsActions,1
whatishappening,1
Balkan,1
Alepp,1
liberalpersuasion,1
Oligarchia,1
Immigration,1
Texans,1
DOUGEFORPRES,1
posttruthpolitics,1
POLLS,1
engemensen,1
TheAgora,1
Kriegsverbrechen,1
LibertyMovement,1
verkiezingen,1
DomingoDeFlojeraYYo,1
Libyan,1
science,1
Youd,1
huge,1
Hillary4Prison2016,1
Tomorrow,1
VOTE411,1
opendebates,1
SMEAR,1
trumpcrazy,1
deFunes,1
station,1
ForAMillionDollarsIWould,1
podestraemails,1
StopBeingSheeple,1
oldguyfall,1
CHRISTIANITY,1
bananarepublic,1
MericaTheGrate,1
chicagomarathon,1
womancard,1
Baupin,1
TRANSLATE,1
tried,1
PenceForPresident,1
cronyCapitalism,1
Blackpeople,1
Isil,1
fo,1
womanism,1
youin,1
gutter,1
클린턴,1
mansplaining,1
debateproblems,1
TattletaleTrump,1
Realität,1
SHTF,1
LookInMirror,1
Lansing,1
DevonAlmarinez,1
makeup,1
Astrology,1
hell,1
journo,1
LindaTripp,1
mustread,1
guacamole,1
lanacion,1
sale,1
Pathological,1
CHECK,1
Hass,1
MOuellet,1
gjesus,1
groper,1
impossible,1
andersoncooper2016,1
checkplease,1
stayinformed,1
Ethical,1
frankunderwood,1
SCUMP,1
nauseous,1
MacCain,1
Scalia,1
votegary,1
KillerClown,1
MoreElectibleThanTrump,1
thuggery,1
HillaryWon,1
WomenChildrenMatter,1
trumpisdisqualified,1
asianamericans,1
todd,1
Team,1
really,1
TrumpTheSleaze,1
weredoomed,1
trudeau,1
AmericasElectionHeadquarters,1
ClintonCrime,1
reptilians,1
Dept,1
RoastingClinton,1
propagande,1
ProTPP,1
GOPS,1
WhenTheyGoLow,1
debatageddon2016,1
SHE,1
adhominem,1
canadianfollowingus,1
TrumpQuote2,1
El,1
Talked,1
SecureTheBorders,1
Boston,1
RapeCulture,1
bilderberger,1
NASA,1
Trumptalks,1
StopTheViolence,1
PresidentialClapBack,1
BlowJobBubba,1
radical,1
Earnings,1
GuiltyAsSin,1
watchcartoon,1
OhioTogether,1
secondround,1
Personality,1
insuranceindustry,1
lbitard,1
Germond,1
Ganador,1
FACTCHECK,1
smile,1
USPresidentialElection,1
Panthers,1
GOTRUMP,1
Rapefugees,1
GenniferFlowers,1
corporations,1
clownpocalypse,1
TwitterPoll,1
BBCParliament,1
HClinton,1
nigga,1
ACloutier,1
thelistgoeson,1
Fakten,1
assaulted,1
desaster,1
anythingispossible,1
Babbling,1
ohmy,1
THEDEBATE,1
ganaCLINTON,1
SyrianArmy,1
Ipsos,1
lie,1
overblown,1
ESTUPRADOR,1
dancing,1
clintoncash,1
BigData,1
JeffryEpstein,1
HONOR,1
bolsamx,1
TEAM,1
Hiding,1
Difference,1
FacebookCensoring,1
NFP,1
Affairs,1
Realdonaldtrump,1
Hawaii,1
Brady,1
Buccaneers,1
presidentialrace,1
LeBronJames,1
FREAKShow,1
flotus,1
TecReview,1
workingwomen,1
AmericaDecides,1
justify,1
killboredom,1
SheDidntInterruptYou,1
aftonbladet,1
Respects,1
Dolores,1
defended,1
Hilarious,1
GoFundMe,1
Ford,1
Tickled,1
rightmind,1
youmustlaugh,1
NEXT,1
sexjunkies,1
BleachBit,1
voteTrump,1
Prostitute,1
Michelle,1
SCANDALE,1
LasVegasSun,1
Wife,1
CharlesKrauthammer,1
DrOJ,1
finishim,1
FEDEX,1
wearesoscrewed,1
fail2016,1
No3rdPartyDebate,1
Marijuana,1
Flygate,1
Gowdy,1
common,1
INFOWARRIORS,1
MicsFault,1
cry,1
Cheating,1
snifflesgate,1
cashcropper,1
genderequality,1
professional,1
WhatsThePoint,1
Sex,1
AZvsSF,1
IPA,1
monicalewinsky,1
scandalicious,1
smokeandmirrors,1
ItsBecomeASoapOpera,1
ILoveDamascus,1
avoidance,1
Broncos,1
PresidentDuterte,1
InstaHomo,1
FATCHECK,1
HOUSE,1
Honor,1
USarmy,1
enableler,1
both,1
Regret,1
ANC,1
garyjihnson,1
dictatortrump,1
muslimamericans,1
SoapOpera,1
firstread,1
drunk,1
Kantor,1
coincidence,1
IvankaTrump,1
gopackgo,1
rebate,1
TrumpNewsNetwork,1
elezioniUsa,1
ARMY,1
BOMBSHELL,1
Opendebates,1
implosion,1
SNLinManuel,1
emoji,1
DEMs,1
Levinsky,1
Pontifex,1
havefunoverthere,1
exposed,1
cruelty,1
preschoolelection,1
nrx,1
Saudi,1
Map,1
puppyvideo,1
NoBorders,1
look,1
Classic,1
Destroy,1
ClownHysteria,1
Carlin,1
sobs,1
RagingBull,1
morallybankrupted,1
donking,1
Peston,1
WeScrewed2016,1
Amerikanen,1
trillary,1
comprendre,1
imperialism,1
race,1
salvar,1
JullianAssange,1
WomenCanStopTrump,1
government,1
2016PresHeadlines,1
GoHuskies,1
privateserver,1
TrumpSacrifices,1
StrongTogether,1
kennedy,1
bebate,1
hackthevote,1
CorruptionDocumentary,1
IWORKU,1
ratings,1
gallery,1
mindblowing,1
GeneralEmployment,1
IranElection,1
triad,1
PleadTheFifth,1
elec,1
BookClub,1
writeincuban,1
Blogger,1
FinsUp,1
double,1
person,1
Gaza,1
SWAAAP,1
Virginie,1
Cartel,1
forex,1
MockTrialProblems,1
ufo,1
ItsNotThatHard,1
GADDAFI,1
copolitics,1
gaddafi,1
Trumpsexualassault,1
Football,1
education,1
Tlot,1
UNPLEASANT,1
GetThisOverWith,1
Zdf,1
DomingoDeGanarSegidores,1
Both,1
wearechange,1
voa,1
reptilian,1
insolite,1
prayer,1
WomenVote,1
Affaire,1
hrc2016,1
clintonsupporters,1
wuuut,1
nointegrity,1
WallStSpeeches,1
Insultos,1
ParksandRec,1
RapeMongerTrump,1
keepitcivilpeople,1
CRIMINAL,1
ALEC,1
Repost,1
extremism,1
WarrenBuffet,1
economic,1
TEXvsTOR,1
SoftBall,1
curious,1
WINNER,1
WaitAndSee,1
civilization,1
AmericaDivorces2016,1
MusicMan,1
pee,1
JUDICIAL,1
crooks,1
Times,1
concealed,1
ALEPPO,1
HillaryStandByMyManCandidate,1
SYRIA,1
article,1
EpicFail,1
netflix,1
idw,1
NotoriousRBG,1
Zuma,1
FullThug,1
WeeklyReport,1
WheresTheMoney,1
SUED,1
oecta,1
DesasterDonald,1
nsa,1
imwithstupid,1
tapescandal,1
whogivesaF,1
OPEC,1
computer,1
OHSHIT,1
Lügnerin,1
MicheleObama,1
accountability,1
occupy,1
prensa,1
XFactorLiveShows,1
LegalAidClinic,1
dkmedier,1
Irannuclear,1
Racailles,1
WeGoLow,1
Holocaust,1
Lannister,1
dtv,1
iamcanadian,1
embarassed,1
SocialSecurity,1
Whatashame,1
TheWeatherChannel,1
allbitchesandhorses,1
dog,1
FeeltheHill,1
ICC4Israel,1
Ccot,1
Somalia,1
Luiss,1
GotEm,1
circo,1
Dawgs,1
snifflegate,1
PodestaFiles,1
TownHallMeeting,1
independents,1
nohate,1
TrumpFitBit,1
storagewars,1
SOBs,1
buitenhof,1
wikileak,1
jonvoight,1
seizu,1
prepared,1
AR,1
BlamesRussia,1
bothscum,1
trumphillary,1
song,1
Presidntial2016,1
NetNeutrality,1
RADICALS,1
Government,1
datascience,1
debatenigh,1
Groper,1
VicMackey,1
NoMoreWar,1
Oakland,1
miracolidiDonald,1
FLYGATE,1
DicksOutForHarambe,1
JUDGEJEANINE,1
mediawatch,1
Time,1
DomesticViolence,1
Pesticides,1
sessiste,1
yellowman,1
BigLeftMedia,1
pureevilgallery,1
theybothsuck,1
WhatIf,1
dancehall,1
Competitiveness,1
BinLaden,1
morality,1
livedebate,1
SecondDebate,1
WhosGeorgeSoros,1
framing,1
WashUDebates2016,1
courage,1
incoherent,1
RealityIsAHarshWorld,1
PHOTO,1
KentPfeffer,1
MakeYourVoteCount,1
SiClintonFueraEcuatoriano,1
Waked,1
PussyRiot,1
Endorses,1
NorthKorea,1
élections,1
HillaryCollapses,1
WomensIssues,1
JonStewart,1
nohandhsake,1
decidophobia,1
interracial,1
MONSTERS,1
superpredators,1
libtards,1
GoBadgers,1
IMAN,1
cozy,1
Desaster,1
WriteIn,1
nepotism,1
neverHRC,1
politici,1
Records,1
SterlingHeights,1
ijs,1
RecentGrad,1
OfficeSpace,1
LiberalLogic,1
drump,1
Tapout,1
ORF2,1
cleancoal,1
HillaryAllTheWayUp,1
SMH,1
redwine,1
HEART,1
exciting,1
RestingBitchFace,1
Terps,1
ShitShow,1
ロシア,1
TrumpQuotePoem,1
Cyberwar,1
typical,1
regimechange,1
IcontrolTheMedia,1
KillTrump,1
ONLYTRUMP,1
WeAreScrewed,1
eugenics,1
RIEDYxREPORT,1
ClintonCriminal,1
disingenuous,1
moralcompass,1
PoliticsOfPersonalDestruction,1
swede,1
tweetyourpoison,1
distractions,1
monica,1
MISSOURI,1
JustMyPsychicFeeling,1
oligarchie,1
kaluplinzy,1
blacksupporters,1
PROSECUTE,1
lame,1
StevenSpielberg,1
blessings,1
fam,1
BertrandRussell,1
shockazooloo,1
AnyoneElse,1
Milik,1
OceanhillCarlisle,1
DCCC,1
TedKennedy,1
men,1
HumanTrafficking,1
HelloFriend,1
cheetojesus,1
Disaster,1
AmbitionIntime,1
civics,1
MonicaLowinski,1
disrespecting,1
BigWinForTrump,1
CanadaIsGonnaBeFullOfUs,1
geopolitics,1
Minnesota,1
whatIf,1
VoteClintonKaine,1
TGDN,1
nosescratching,1
TrumpGilipollas,1
VladimirPutin,1
Smerconish,1
Pressure,1
Changeyourmind,1
Oswaldmosley,1
hacks,1
テロ,1
Queens,1
BFF,1
Register,1
ITA,1
TrumpTrolls,1
syrianchildren,1
raddatz,1
downsyndrome,1
thereisanotherway,1
concernedasian,1
minorites,1
SecondDEBATE,1
trap,1
Canterbury,1
ComedyCentral,1
bodydouble,1
sameasiteverwas,1
p,1
Network,1
November8th,1
LiarTrump,1
verán,1
TRUMPCLINTON,1
FinneyMemo,1
books,1
NoToTrump,1
countrybeforeparty,1
out,1
ASMR,1
RussianBombing,1
Moncia,1
chaos,1
PKK,1
cartoons,1
Lisée,1
VoteGreen2016,1
UPDATE,1
QUÉBEC,1
Stupid,1
conspirative,1
advisor,1
VOTETrumpPence,1
MAGA2016,1
Warmonger,1
SepaQue,1
concerns,1
bern,1
yellowMedia,1
EfectoTrump,1
débatprésidentiel,1
cuttingheroff,1
president2017,1
ImpeachmentHearing,1
ButcherOfBenghazi,1
canistillvoteforbernie,1
trump2k16,1
bama,1
middleschool,1
cantwaittoheartheanalysts,1
bitch,1
GuerraMondiale,1
killer,1
TapOut,1
vulgar,1
RACISM,1
Yanukovych,1
JusticeNotCrime,1
cats,1
DCElites,1
roevwade,1
p2b,1
sexualabuse,1
DonaldTrumps,1
ImGonnaFixIt,1
Greeks,1
MiddleClassPeople,1
environmental,1
R,1
manipulation,1
remember,1
neoliberalism,1
SinkHillary,1
WhatIsTheNationComingTo,1
pissedpizzapaul,1
brady,1
Thief,1
democrates,1
positivevibes,1
TrumpTower,1
NationalNOW,1
트럼프,1
gadaffi,1
DebateTonight,1
Information,1
Panto,1
duel2,1
JusticeDept,1
dementia,1
Kremlin,1
bizar,1
canttaketheheat,1
Funny,1
mix,1
MakeAmericaSaneAgain,1
pussysnatcher,1
latino,1
soap,1
cosby,1
TacoTrucksOnEveryCorner,1
Cheated,1
woodensigns,1
payforplaysanono,1
stopSaudi,1
Cheater,1
Advertising,1
Loestávapuleando,1
Modi,1
Capacidad,1
deatheaters,1
actually,1
Reichen,1
thanksgiving,1
DEbates,1
gebtp,1
H,1
fiasco,1
argent,1
liberalamerica,1
ShesSmilingAlot,1
sexualizes,1
fakeittilyoumakeit,1
GaryWebb,1
brother,1
Deployables,1
telethonforhaiti,1
SOTU,1
debata,1
PiedPiper,1
promote,1
impunity,1
Carlitos,1
hector,1
Jill,1
VengefulTrump,1
BillCLINTON,1
Legend,1
hall,1
OBAHMACARE,1
ripamerica,1
cuba,1
massacre,1
elysee,1
BillMaher,1
JuanitaPaulaGennifer,1
meygankelly,1
micdrop,1
Maury,1
illusionofchoice,1
HIlary,1
SexualHarrasment,1
HeDidThis,1
WIN,1
LAW,1
theybothsucksowhocares,1
accuser,1
ClintonCrimes,1
De,1
illegals,1
danger,1
TrumpAllTheWay,1
PQ,1
epic,1
reform,1
Urgente,1
DavidSedaris,1
BecauseYou,1
migrant,1
genius,1
BLT_se,1
NigelFarrage,1
r_blog,1
embarrassment,1
noflagpinclinton,1
TrumpVsClinton2,1
wh,1
MAILS,1
planned,1
Circus,1
Wisdom,1
sorprende,1
DonaldLies,1
illegal,1
ButchHillary,1
Deniro,1
PolitikUSA,1
cl,1
WWE2016,1
ekans,1
DeNiroOnTrump,1
worldstar,1
TX23,1
kingpin,1
Rojava,1
ANYBODYBUTHER,1
Fuck,1
Gutter,1
hotair,1
GTFOH,1
gross,1
RoevsWade,1
TrumpVsTrump,1
kenbonequestion,1
90s,1
choices,1
AMjoy,1
Lügempack,1
RulesforRadicals,1
rbf,1
INFOWARS,1
cnnpolitics,1
VotePedro,1
PatriziaRametta,1
manvsrock,1
MSF,1
CoverUp,1
TheRealDonaldTrump,1
CENSORED,1
UnitedStates,1
FrasiAlVentoNo,1
civilian,1
Insults,1
feliznoche,1
SOT,1
playedwithfamily,1
VoteNoneOfTheAbove,1
HireDEM,1
SweetenedCornSyrup,1
ElDebateEEUUenTn,1
reporting,1
Grey,1
fuckem,1
keepsniffing,1
Sharing,1
20d,1
neverClinton,1
protectyapussy,1
Houston,1
HaitiRelief,1
Spring,1
thedebate,1
Zionist,1
lapdog,1
SPORTS,1
riff,1
oops,1
Travelgate,1
BE,1
CLINTONCASH,1
HAGoodman,1
BusinessMgmt,1
stooge,1
IsThisHappening,1
mariabartriomo,1
TrueNorthStrong,1
JusticeForMonica,1
Lutheran,1
TomHanks,1
Skippy2Rad,1
EndTimes,1
jtomlinson,1
arrest,1
munchkins,1
infographics,1
Dearborn,1
Diable,1
okmedia,1
DebateNumber2,1
Joke,1
MeetThePress,1
01_zpstvuajatu,1
Pedophile,1
know,1
hypocricy,1
BajaFraud,1
tvväittely,1
MakeAmericaOursAgain,1
bigotry,1
HowWeDoIt,1
Mistakes,1
journalist,1
SachezLe,1
record,1
mexicanthing,1
SecurityClearances,1
Loestasviendo,1
DumpTheTrumps,1
schwarzenegger,1
GuerraSiria,1
Sad,1
scopiamo,1
conspiracies,1
Rally,1
PacingTrump,1
WeHadOneChance,1
SonrisadeMonalisa,1
semen,1
Gives,1
leader,1
DeNirovsTrump,1
wisconsinforTrump,1
leftwingmedia,1
Accidentally,1
BDT,1
BlameTheirParents,1
selectionpoll2016,1
foxinsheepsclothing,1
mccarthys,1
PORFAVOR,1
cops,1
TrumpONLY,1
WeAllLose,1
debatenight2,1
ImWithH,1
Cars,1
urges,1
CanadiansinAmerica,1
MSUFallFest,1
navyseals,1
Pedro,1
ClintonCompromised,1
commitment,1
referendum,1
tpp,1
notbill,1
Bureaucracy,1
repeal,1
Caregiving,1
ThisHappenedTonight,1
weeps,1
Blackman,1
notlockerroomtalk,1
debateGiantsWWE,1
dynamite,1
cortinadehumo,1
neverclinton,1
Président,1
Deadwood,1
OpenDebates,1
WeAreWithHer,1
PussyGrabsBack2016,1
Gabon2016,1
funds,1
abusos,1
whatshappening,1
Mentana,1
ha,1
Ono,1
bragged,1
CruzCrew,1
lefties,1
Merica,1
CaptainKhan,1
RayDavies,1
DISCLOSURE,1
zoomshot,1
FREEDOM,1
MAGAX3,1
Georgia,1
TrumpIsFuckingCrazy,1
slaughterhouse,1
CrimeFamily,1
HAG,1
Never,1
prostitutes,1
TalkingHead,1
Know,1
HillBots,1
illusion,1
Milton,1
youcanhaveitbetteramerica,1
Like,1
clintoncorruption,1
ThePresidentalDebate,1
bamboozled,1
Descerebrado,1
GoneRemix,1
Rumbleeeeee,1
Weather,1
La7,1
HeKeptTakingTheBait,1
StayTunedAmerica,1
TheAfricanAmericans,1
craft,1
ArnoldSchwarzenegger,1
noticiasunivision,1
WorldMentalHealthDay,1
