Trump,4450
trump,916
debatenight,687
debate,626
Clinton,469
Hillary,386
MAGA,278
Debate,216
TRUMP,207
HillaryClinton,145
Election2016,144
DrainTheSwamp,143
clinton,128
DebateNight,102
TrumpTrain,97
PresidentialDebate,80
TrumpPence16,79
CNN,78
NeverHillary,78
GOP,75
Obama,70
maga,69
hillary,64
debate2016,63
CrookedHillary,60
ImWithHer,57
Trump2016,55
debates,52
HRC,50
DebateHeadache,48
NeverTrump,48
tcot,45
pjnet,40
Wikileaks,40
DNC,38
wikileaks,38
POTUS,36
TrumpDumb,34
DonaldTrump,32
Debates,32
politics,31
Debates2016,26
WakeUpAmerica,26
USA,26
Benghazi,25
Debatenight,25
cnn,25
p2,24
RejectedHillarySlogans,24
isis,24
PodestaEmails12,24
Election,23
2A,23
Veritas,23
election,23
Periscope,22
WikiLeaks,22
trumptrain,21
TrumpTape,21
news,21
military,20
election2016,19
Brexit,19
MSM,19
MakeAmericaGreatAgain,18
MalikObama,18
vote,18
VoteTrump,18
America,18
FoxNews,18
VoterFraud,17
Vote,17
TrumpVsClinton,17
TrumpTaxReturns,17
TrumpIsSexist,17
MAGA3X,17
hillaryclinton,16
Maga,16
USElections,16
Democrats,16
RiggedElection,16
MSNBC,15
usa,15
BillClinton,15
dumptrump,15
LasVegas,14
HILLARY,14
trump2016,14
2016election,14
Donald,14
ccot,14
Putin,14
media,14
brexit,13
TrumpvsClinton,13
Breitbart,13
presidentialdebate,13
Eminem,13
Russia,13
draintheswamp,12
rigged,12
TrumpLand,12
Giuliani,12
1A,12
Deplorables,12
PodestaEmails,12
LiberalPrivilege,12
follow,12
DumpTrump,12
Cubs,12
Hilary,12
NeverForget,11
ChrisWallace,11
Ivanka,11
galaxynote7,11
VegasDebate,11
StrongerTogether,11
women,11
Women,11
CorruptMedia,11
StopTheSteal,10
imwithher,10
video,10
hrc,10
Pence,10
MarkCuban,10
neverhillary,10
president,10
TrumpDebateGuests,10
Bernie,10
TRump,10
ProjectVeritas,10
veterans,9
American,9
RudyGiuliani,9
deplorables,9
crookedhillary,9
hardball,9
UNLVPresDebate,9
NLCS,9
CLINTON,9
SethRich,9
AmericaFirst,9
Outfront,9
foxnews,9
Republicans,9
RiggedSystem,9
Politics,9
TrumpPence,9
DanneyWilliams,9
Obamacare,8
GodBlessAmerica,8
msnbc,8
ProLife,8
deplorable,8
NRA,8
RNC,8
SignsYoureLying,8
ClintonVsTrump,8
Pennsylvania,8
Media,8
WIkiLeaks,8
veritas,8
donaldtrump,8
Dodgers,8
iStayWoke,8
PresidentialElection,8
SNL,7
UniteBlue,7
WednesdayWisdom,7
TrumpStrong,7
US,7
climatechange,7
FinalDebate,7
Bannon,7
Clintons,7
ISIS,7
Melania,7
nevertrump,7
Hamas,7
racism,7
ClintonScandals,7
Madonna,7
Chicago,7
RedNationRising,7
tgdn,7
NorthCarolina,7
JillStein,7
China,6
americafirst,6
tax,6
TRUTHDONTLIE,6
MediaBias,6
navy,6
TopProg,6
BREXIT,6
GeorgeSoros,6
Debate2016,6
headline,6
ElectionFraud,6
wiunion,6
Florida,6
DRAINTHESWAMP,6
Israel,6
pepe,6
ctl,6
VOTE,6
DNA,6
BewareHillary,6
storystream,6
usmc,6
vegas,6
Gingrich,6
army,6
obama,6
ABC,6
o4a,6
Republican,6
corruption,6
podestaemails12,6
airforce,6
President,6
Soros,6
DEBATE,6
Farage,5
fraudfringe,5
campaign,5
EU,5
Orlando,5
pr,5
StopHillary,5
RT,5
Liberal,5
IAmWithHer,5
uspoli,5
Congress,5
Ciao,5
ClevelandIndians,5
Rigged,5
BeRomanticIn4Words,5
DebateNightInAmerica,5
TrumpCheck,5
fox,5
lasvegas,5
crookedHillary,5
Utah,5
LockHerUp,5
liberalprivilige,5
ProjectVeritasAction,5
IvankaTrump,5
Ohio,5
BREAKING,5
IfTheMediaRiggedTheElection,5
fascism,5
riggedelection,5
Poll,5
Ailes,5
gop,5
NC,5
Vegas,5
TweetMovie,5
DC,5
BarackObama,5
RallyTogether,5
Legend,5
Podesta,5
poll,5
Cleveland,5
Virginia,5
News,5
realdonaldtrump,5
ux,5
circus,5
UNLV,5
debates2016,4
VoteBlue,4
ThanksTrump,4
AlwaysTrump,4
evangelicals,4
TTT16,4
KellyFile,4
TrumpNation,4
WorldSeries,4
TrumpLies,4
WTF,4
Miami,4
podestaemails,4
RIGGED,4
ShameOnHer,4
PalmBeach,4
pence,4
BBC,4
NBC,4
Trexit,4
Environmentalist,4
millenials,4
Jewish,4
PodestaEmails13,4
Cher,4
Trumpland,4
TRUMPTRAIN,4
VR,4
loser,4
LawAndOrder,4
humor,4
FL,4
Americans,4
Hannity,4
Pepe,4
greenenergy,4
3dprinting,4
TrumpsArmy,4
mediabias,4
Indians,4
RiggingTheElection,4
DJT,4
Brady,4
vampire,4
DonTheCon,4
Jews,4
economics,4
Catholic,4
MBAs,4
MegWhitman,4
comedy,4
FreeJulian,4
abuse,4
inners,4
SCOTUS,4
GreenParty,4
BC,4
wipolitics,4
Fascism,4
rulingelite,4
birddogging,4
Twitch,4
Killary,4
TacoTrucks,4
IndictHillary,4
TacoTrucksOnEveryCorner,4
uspolls,4
FovalGroup,4
tRump,4
WH,4
NowImABeliever,4
wisgop,4
AltRight,4
Antiwar,4
God,4
WhiteHouse,4
party,4
DinnerandDebate,4
PA,4
TrumpTapes,4
LGBTQ,4
BirdDogging,4
Latinos,4
BuzzFeedCEO,4
StopTrump,4
millennials,4
wisdems,4
OrlandoCitySC,4
marketing,4
Dems,4
justsaying,4
USA2016,4
TrumpLOL,4
robots,4
2016Election,3
alien,3
loudobbs,3
Christians,3
memes,3
TrumpPence2016,3
JoseBautista,3
Hillary4Prison,3
womenfortrump,3
realbencarson,3
DeathCamps,3
DrinkingGame,3
strike,3
strongertogether,3
Pathetic,3
kenbone2016,3
campaignspeech,3
communist,3
VoteTrump2016,3
Tump,3
voterfraud,3
CommunityOrganizer,3
Debates16,3
Wallace,3
FOX,3
India,3
Humor,3
AlexJones,3
NewsWithEd,3
whitegenocide,3
art,3
bonehead,3
draft,3
AccusedRapist,3
thedonald,3
orlando,3
QE,3
BoycottTrump,3
corrupt,3
DinnerandDebateJA,3
TrumpsActsOfKindness,3
JamesOKeefe,3
oreillyfactor,3
TrumpTeam,3
TRUMPPENCE16,3
Deplorable,3
FantasticBeastsAndWhereToFindThem,3
political,3
Anonymous,3
Birmingham,3
Reagan,3
hoax,3
USElections2016,3
auspol,3
truestory,3
USElection2016,3
Disrupt,3
Soulless,3
WikileaksEmail,3
character,3
Zuckerberg,3
CampaignSpeech,3
potus,3
Evangelical,3
miami,3
FoxNews2016,3
Democracy,3
TrumpsAmerica,3
liberalprivilege,3
CorruptHillary,3
TCOT,3
Wall,3
Clooney,3
finaldebates,3
hillaryforprison,3
BoycottCNN,3
UFC,3
nevada,3
FoxDebate,3
KenBone,3
birther,3
Fart,3
Sanders,3
FOMC,3
Assange,3
movies,3
ELECTION,3
Moneygrubber,3
uspolitics,3
Syria,3
FOXNEWS,3
Skittles,3
Protesters,3
Catholics,3
hypocrisy,3
Nevada,3
horny,3
TPP,3
Landslide,3
2a,3
Event,3
WomenWhoVoteTrump,3
USElection,3
WIKILEAKS,3
MeganKelly,3
BillyBush,3
GaryJohnson,3
SupportSmallStreamers,3
Millennials,3
MichaelMoore,3
voters,3
perv,3
wordsmatter,3
assange,3
SarahPalin,3
elections,3
HillaryForPrison,3
cnnnews,3
genius,3
markcuban,3
billclinton,3
vote2016,3
StarWars,3
TrumpFavored,3
VoteForTrump,3
unlv,3
SexualPredator,3
Emails,3
NeverClinton,3
tRUMP,3
Penn,3
riggedDebate,3
Jihad,3
HiLIARy,3
diypotus,3
Debt,3
OH,3
HilaryClinton,3
copolitics,3
violence,3
BlackLivesMatter,3
jew,3
Prayer,3
TrumpTV,3
Invest,3
Dem,3
TrumpTruth,3
Jays,3
newtgingrich,3
Palin,3
Burr,3
Polls,3
WeThePeople,3
dow,3
maga3x,3
DishonestMedia,3
womenagainsttrump,2
LiberalPrivilige,2
VoteChange,2
go,2
YouTube,2
ExtremelyCareless,2
Candidate,2
RobertReich,2
tweet,2
obamacare,2
EVNews,2
countdown,2
killaryforprison,2
stillwouldntvoteforhim,2
Self,2
Steel,2
RogerWaters,2
TRUMP2016,2
WrestleMania,2
TheBachelor,2
REACTIONARY,2
∆µ∆µ,2
polling,2
followthecorruption,2
Correa,2
trumpvclinton,2
HonestElections,2
IHaveHisBack,2
AltReich,2
Kickstarter,2
KELLYFILE,2
Cruz,2
BernieSanders,2
trumpisabrat,2
Inktober,2
StockBrokers,2
SC,2
SomosElMuro,2
trumpstrong,2
BillyCarter,2
change,2
Lockeroom,2
Rnc,2
BagOfAirTrump,2
noplan,2
Blog1600Penn,2
Policies,2
NotOkay,2
father,2
Conceptual,2
Hrc,2
LIAMD,2
Star,2
dnc,2
ThinSkinned,2
OurRevolution,2
Disney,2
Crooked,2
msm,2
ontherecord,2
berniesanders,2
revolutionary,2
Zogby,2
WhiteSupremacy,2
drinkinggame,2
ignorant,2
dfelex,2
PoliticalHumor,2
DerrickRose,2
NotGoingThere,2
trndnl,2
VoteBlueDownBallot,2
dankmemes,2
Rudy,2
FBI,2
values,2
OctoberSurprise,2
EVER,2
trumped,2
NoSuchThingasReporter,2
thug,2
clothing,2
polio,2
FreeSpeech,2
Phoenix,2
LatinosWithTrump,2
JohnPodesta,2
Expendable,2
goober,2
Eyes,2
fb,2
Hilter,2
HillarysHealth,2
ClintonmainsBastion,2
levadopa,2
Hunting,2
abusers,2
uniteblue,2
HomeOfTheFree,2
1stClass,2
PropagandaMEDIA,2
policy,2
WallStreetAdviser,2
Trumptrain,2
lawandorder,2
iowa,2
SpecialReport,2
HIGH,2
LOSING,2
GirlMeetsWorld,2
politics101,2
Kika,2
Predicts,2
promise,2
SocialExperiment,2
ClintonNewsNetwork,2
illuminati,2
Washington,2
ImWithher,2
xmen,2
FIGHTINGVETERAN,2
votetrump2016,2
CEO,2
chatbots,2
CurtSchilling,2
Manchurian,2
health,2
momblog,2
Cuban,2
wednesdayNightRivalry,2
KnowYourCandidates,2
elections2016,2
SBNewsPress,2
Security,2
ivanka,2
TrumpforHanzo,2
Heartbroken,2
progressives,2
codeofethics,2
Coverage,2
hillarysucks,2
giuliani,2
Flushtheswamp,2
hilliary,2
Wharton,2
LibertyUniversity,2
TheSimpsons,2
Valium,2
juanwilliams,2
centipedes,2
TrumpSuckers,2
hillbillies,2
Says,2
Love,2
dank,2
voteforchange,2
TeamTrump,2
reno,2
tonight,2
fail,2
debateheadache,2
rap,2
CNNRealityCheck,2
DT,2
CatGifs,2
bourbon,2
PJNET,2
thisisinsane,2
cnnlive,2
Killtons,2
assault,2
Overwatch,2
tytlive,2
Ruger,2
Kellyann,2
Need,2
DemocratParty,2
GrabHerByThePussy,2
JulianAssange,2
madpineapples,2
copyright,2
Photography,2
blamegame,2
LIVE,2
candidates,2
snickers,2
playtopay,2
publicity,2
undecided,2
greta,2
CBSNews,2
AJDelgado,2
vlog,2
moretocome,2
TeamTrumpOklahoma,2
Twitter,2
followthemoney,2
affordable,2
MAMA,2
tree,2
Fox,2
HIllary,2
Marte,2
us,2
TheDeplorablesTour,2
WomenForTrump,2
Iowa,2
Oregon,2
VIDEO,2
TrumpSupporters,2
SwampThing,2
Johnson,2
PatrickKane,2
debatenightSome,2
DONALD,2
water,2
FINANCIAL,2
ClintonCampaign,2
WWE,2
s,2
bet,2
ObamaLIES,2
DontMessWithTrump,2
false,2
Borders,2
Wisconsin,2
debatesnight,2
stopandfrisk,2
accept,2
teaparty,2
Elite,2
CriminalActs,2
HighCastle,2
pepethefrog,2
drugs,2
BobCreamer,2
mlb,2
RiddleMeThis,2
disneylife,2
FightNight,2
GoVote,2
DeabteNight,2
30days30songs,2
1uVote,2
mickeybar,2
Veterans,2
SupremeCourt,2
rnc,2
Nazis,2
deserttrip,2
Leftist,2
Loser,2
IA,2
drinkinggames,2
Idiocracy,2
Senate,2
uspol,2
PodestaEmails11,2
imwithyou,2
PaulRyan,2
makeamericagreatagain,2
ScorchedEarth,2
ISRAEL,2
goodtimes,2
birmingham,2
CLMT,2
Texas,2
Jobs,2
family,2
followforfollow,2
GOTV,2
workers,2
Censorship,2
Broward,2
narcissism,2
PantsOnFire,2
Bush,2
AmySchumer,2
Truth,2
Hatred,2
racists,2
Art,2
FuckTrump,2
bobbleheads,2
TermLimits,2
Thugs,2
VoteOutTheGOP,2
laugh,2
Terrorism,2
KRTpro,2
donald,2
chastitybelt,2
VERY,2
Lawsuit,2
ConspiracyTheories,2
dolewhip,2
employeebenefits,2
PutinsBitch,2
Kentucky,2
Behavior,2
anything,2
Earpiece,2
Usa,2
satire,2
mommy,2
DUMB,2
delusional,2
Boulder,2
her,2
support,2
question,2
Pray,2
sniffles,2
D23,2
Indiegogo,2
hopefullyNOThim,2
SpunkTrumpet,2
Nationalism,2
Gold,2
AdiaVictoria,2
PeterThiel,2
VoteChang,2
TheAmericanDream,2
abcnews,2
trumptrian,2
RealEstate,2
tg2,2
liberal,2
ImNOTWithHer,2
FinancialPlanningWednesday,2
anythingbuti,2
HillNo,2
Hardball,2
USFREEDOMARMY,2
RoundTable,2
BillyBushMadeMeDoIt,2
LindaChavez,2
LiveTweet,2
diet,2
Hillarys,2
overseas,2
GreatPumpkin50,2
RobertCreamer,2
Mexican,2
PRICE,2
MikePence,2
kellyfiles,2
Corrupt,2
amish,2
evidence,2
SmartNews,2
Indiana,2
Gets,2
FakeSuccess,2
vs,2
billionaire,2
MissPiggy,2
iblameobama,2
Military,2
Cavs,2
RedWedding,2
wsj,2
wednesday,2
LipSyncBattle,2
SwampThingvs,2
projectveritas,2
Debat,2
Failed,2
ILLEGAL,2
pollingstations,2
PublicityStunt,2
Entrepreneur,2
screwedeitherway,2
Decision2016,2
dumpTrump,2
GainWithYahBoiSelfie,2
LOSE,2
HillarysAmerica,2
TrumpJr,2
kids,2
social,2
FIRST,2
WomenForHillary,2
MakeAmericaSaneAgain,2
spooky,2
Rock,2
twitterpoll,2
ImplausibleDeniability,2
fake,2
POTUS2016,2
TrumpPence1,2
presidentialdebade,2
Women4Trump,2
RealMen,2
WOMEN,2
wars,2
ShadowGovernment,2
whisky,2
Activists,2
violins,2
Deathpenalty,2
claim,2
Lord,2
PussyGrab,2
breaking,2
Blackmail,2
nyc,2
Why,2
kcbq,2
Dylan,2
Taco,2
AlecBaldwin,2
samsungnote7,2
internet,2
Owns,2
d√©bat,2
Trumppence,2
Hilllary,2
Ali,2
ICallBullshit,2
Islam,2
Bowie,2
VotoEEUU2016,2
ParkinsonsPresident,2
Inktober2016,2
HillaryforPrison,2
chicagoTrumpRally,2
labor,2
World,2
Antifa,2
WTO,2
predator,2
DPRK,2
BREXITNOW,2
Exposed,2
Blogging,2
sniffs,2
WednesdayMotivation,2
Praying,2
COUNTRY,2
Cocaine,2
TrumpFail,2
November8th,2
clintoncrimefamily,2
out,2
sendtheravens,2
network,2
WomenWhoWork,2
waar,2
HillaryCamp,2
NormanLear,2
nbcnews,2
disneyland,2
NATIONS,2
PrayerisPowerful,2
AllAboutRatings,2
entertainment,2
TIME,2
cheese,2
EminemCampaignSpeech,2
conservatives,2
HillarysTeleprompter,2
Canale50,2
TacoTruckWall,2
Hillarycarried,2
MARKCUBAN,2
hilary,2
FlyEaglesFly,2
WorkingMan,2
Dangerous,2
because,2
HosepipePence,2
LINEWEBTOON,2
followme,2
Elected,2
unfit,2
SexualPerversions,2
quebec,2
Infantile,2
Raping,2
DirtyDonald,2
healthcare,2
ChrisMatthews,2
winAtAllCosts,2
Batman,2
ohio,2
CNCNet,2
RedShirts,2
Science,2
forbes,2
IStandWithIsrael,2
Watergate,2
Texans,2
OKeefe,2
USDMXN,2
wine,2
animalrights,2
usdebate,2
JohnsonWeld2016,2
Ministers,2
sexism,2
ArnoldPalmer,2
BlueJays,2
networks,2
Noseflags,2
VeritasProject,2
DNC2016,2
Jill,2
Meteor2016,2
AltGOP,2
Evan_McMullin,2
Moore,2
debatedrinking,2
ASJA,2
STUNT,2
Dobbs,2
TrumpIsm,2
Nov8,2
OBAMA,2
pvv,2
Spew,2
BS,2
LoveTrumpsHate,2
Dominance,2
Whyisthisaheadline,2
SkyConfrontoUSA,2
ink,2
DirtyTricks,2
birddoging,2
SOLE,2
nature,2
LGBT,2
TrumpIsWithYou,2
BANKRUPT,2
Sarahpalin,2
country,2
politically,2
WWF,2
disneyworld,2
Brother,2
FeelTheBern,2
palin,2
GrabThePussy,2
loseweight,2
Constitution,2
Trump4America,2
Harambe,2
Updates,2
NorthKorea,2
Nov8th,2
Cry,2
Elections,2
marijuana,2
EvanMcMullin,2
holiday,2
Conway,2
polls,2
holocaust,2
clowncar,2
HillaryBeacuse,2
RussianGov,2
boycottcnn,2
SOROS,2
DIA,2
HillaryBecause,2
Psychology,2
ISPI,2
TheMayhemWrangler,2
ExpectUs,2
russia,2
keene,2
result,2
Verita,2
Phish,2
writer,2
FAM,2
oilandgas,2
wiright,2
InternetTrolls,2
putin,2
elijahs,2
Demexit,2
letsgoCubs,2
HClinton,2
JEWS,2
HillaryCollapse,2
FYI,2
ScottAdams,2
LMAO,2
iFunny,2
republican,2
whitemaleprivilege,2
FBICoverUp,2
Broken,2
Factcheck,2
AccessHolywood,2
prison,2
government,2
anythingbutislam,2
Son,2
GiantMeteor2016,2
americawantschange,2
Fashion,2
SufroComoElChapo,2
Foxnews,2
Prince,2
Warren,2
MomBlogger,2
TwitterAfterDark,2
ThirdPresidentialDebate,2
drudgereport,2
sociopathy,2
Sad,2
voteyourpower,2
NewEnglandPatriots,2
JoeySalads,2
cannabis,2
tlot,2
flameout,2
barackobama,2
Economics,2
DredScottDecision,2
monkeysinthezoo,2
nmc,2
RaiseTheBar,2
Democrat,2
ConManTrump,2
herpes,2
killary,2
hermano,2
democrat,2
lies,2
hilaryclinton,2
MSMBias,2
Usa2016,2
WapoWankers,2
NewHampshire,2
sad,2
NAFTA,2
IGNORANCE,2
NY,2
OtherPeoplesMoney,2
Ivoted,2
TrumpBrand,2
Limes,2
Sinister,2
immigration,2
IRigged2016,2
webcomics,2
fraud,2
Priests,2
VanityFair,2
veritas3,2
whiskey,2
thedebate,2
popups,2
Retweet,2
Luiss,2
TrumpNov,2
columbiaSPS,2
deadvoters,2
badmin,2
boughtandpaidfor,2
usrc,2
Paternity,2
SaugertiesNY,2
Ignorance,2
MonsterVote,2
IrrelevantMadonna,2
GameOfThrones,2
Netflix,2
ClintonFoundation,2
NewYorkTimes,2
mood,2
treason,2
Canada,1
GoVoteTX,1
debatrenightamerica,1
donaldtrum,1
Stein,1
RepublicansHaveNoIntegrity,1
protest,1
PASen,1
ElectionDay,1
MitchMcConnell,1
PoliticallyReactive,1
248GOP,1
ThanksObama,1
EggedOn,1
rel,1
accesshollywood,1
tampa,1
immature,1
BecauseYoudBeInJail,1
donaldtrump2016,1
Michigan,1
FLORIDA,1
tmoyjokes,1
NevadaDebate,1
rape,1
AmericaLatinaSeSigue,1
BOOST,1
laura,1
Morals,1
rudyGiuliani,1
Tax,1
WALKINGDEAD,1
AmericaMatters,1
LowBarsAbound,1
WithHer,1
ÿ™ÿ±ÿßŸÖÿ®,1
PredatorTrump,1
HornDog,1
Celebrities,1
TrumpFraud,1
fuckmonkeys,1
pussytrumpshate,1
voterFraudisreal,1
nba,1
CheckmateLiberals,1
Crony,1
Mmbop,1
NoTrump,1
SanAntonio,1
nina,1
College,1
charleshurt,1
WarWednesday,1
Lewd,1
trumpnation,1
christian,1
Cartoonist,1
AmericanDream,1
hesuckssomuch,1
TrumpIsARapist,1
MLBPlayoffs,1
presidentialdebate2016,1
hillary4prison,1
HillNaw,1
Elect,1
MikeHuckabee,1
Moments,1
HillarryWillTakeYourFreedom,1
embarrassed,1
Vaxxed,1
slappingidiots,1
cabelao,1
montreal,1
DigitalMarketing,1
love,1
PoliticalCampaign,1
YouGoGirl,1
ùóóùó≤ùó∫ùóºùó∞ùóøùóÆùòÅùòÄ,1
slayer,1
Europe,1
EEUU,1
Mio,1
RacialNationalism,1
Giuliana,1
employment,1
ProcreateArt,1
experience,1
Zombie,1
commissioner,1
irony,1
drseuss,1
TrumpThePerv,1
SalmaHayek,1
RIPJournalism,1
gold,1
high,1
StL,1
HighSchoolBulling,1
abortion,1
smallbiz,1
Nazism,1
abc7ny,1
michelleobama,1
Prejudice,1
hitlery,1
CHRISWALLACE,1
TWD,1
govegan,1
WallOfTacos,1
RottenClinton,1
handelsblatt,1
Past,1
RudyGuiliani,1
WeLoveUMrTrump,1
relig,1
GoldRush,1
Bridgegate,1
Bigly,1
calliou,1
RonaldReagan,1
HILLARYCLINTON,1
IHaveOneToo,1
Isis,1
may,1
PodestaLeak,1
WestVirginia,1
Clump,1
SerialLiar,1
TheKellyFile,1
stress,1
HillsShills,1
nologic,1
patheticacting,1
Radio,1
DebateSexism,1
CantThisElectionBeOver,1
AlphaMale,1
KelighMcNany,1
stoprush,1
bighands,1
moderatevoter,1
PussyGrabsBack,1
ClimateOfViolence,1
lesbica,1
Creamer,1
dax,1
dilemma,1
Libertarian,1
FortWayne,1
DraintheSwamp,1
uswahl,1
tsb,1
ronreagan,1
twitter,1
PewCenter,1
Trumpkin,1
teamtrump,1
DakotaAccessPipeline,1
StarshipUK,1
ItsTheGreatPumpkinCharlieBrown,1
Berlin,1
Taxes,1
handmade100,1
Presidential,1
MSMisDead,1
hillaryissick,1
Agenda,1
dosesofstyle,1
Politicians,1
Campaign,1
NeeraTanden,1
DEMOCRACY,1
Imwithyou,1
COP21,1
ACLJ,1
TheDebateBarIsAoLow,1
NObama,1
LIARS,1
Baer,1
energy,1
secret,1
puppets,1
Barack,1
HFA,1
Luntz,1
SharkTank,1
rt,1
lewinsky,1
ELECTION2016,1
Trumpery,1
CenterforAmericanProgress,1
akron,1
SHARE,1
mess,1
Icahn,1
nudes,1
THANKSOBAMA,1
conspiracytheories,1
Desperate,1
G,1
ocarinaoftime,1
Brooklyn,1
CharlieBrown,1
PatSmith,1
Rubes,1
Explosive,1
TomBrady,1
Evangelicals,1
LetsGo,1
National,1
CatholicsforTrump,1
forReal,1
ùóßùóøùòÇùó∫ùóΩ,1
DisgustingFraud,1
Muslins,1
BTC,1
womeninbusiness,1
loud,1
LIBTARDSFORTRUMP,1
neverTrump,1
champs,1
apps,1
Oklahoma,1
NBA,1
dab,1
nbc4ny,1
TrumpForPresident,1
Black,1
Theater,1
Hollywood,1
visions,1
BatonRouge,1
Iran,1
PaternitySuit,1
SouthDakota,1
notokay,1
childrapist,1
thefive,1
ENSURE,1
racist,1
Haiti,1
lol,1
TRUMP16,1
letsplay,1
LawAbiding,1
lobbyists,1
NCDNdebate,1
lezbian,1
Bing,1
tories,1
newsnetwork,1
haveyounoshame,1
Hitler,1
NorthernIreland,1
TrumpMovement,1
debate16,1
WGME,1
schizophrenic,1
third,1
fucktrump,1
WhiteGenocide,1
Shareblue,1
trumpland,1
MichelleObama,1
excedrin,1
djlife,1
sisi,1
AmySchumerlive,1
pussypowertrumptower,1
CHATRUMP,1
realestate,1
letsgotoprison,1
ThinkAboutIt,1
Pitching,1
DebateandChill,1
Wome4Trump,1
DumpRyan,1
WashingtonPost,1
Bulling,1
NoSeOlvide,1
FamilyGuy,1
Â∑ùÊü≥,1
REDHANDED,1
veteran,1
notperfect,1
TrumpSupporter,1
imweak,1
MIAMI,1
clintons,1
BET,1
termlimits,1
chunkynecklace,1
brand,1
SquirrelHill,1
ICYMI,1
turdsandwich,1
EUA,1
ImwithHer,1
threats,1
Vid1,1
nodapl,1
WashingtonToday,1
Allegations,1
epsteinisland,1
unfittolead,1
PoliticalElite,1
mikePence,1
Schilling,1
ForHer,1
Londontube,1
thisisus,1
Paris,1
Political,1
ŸÉŸÑŸäŸÜÿ™ŸàŸÜ,1
Podesta12,1
GOPHandsOffMe,1
FL4Trump,1
StopHillarySaveTheWorld,1
StandUpWithEvan,1
palmbeach,1
trumppence16,1
MomVote,1
mediaHANDMAIDENS,1
MegaTvLive,1
IWillVote,1
Game,1
Ecuador,1
lennon,1
Alligators,1
HISPANICSFORTRUMP,1
lashextensions,1
Progressive,1
whentheygohighhegoeslow,1
freespeech,1
nude,1
watch,1
LyingDonald,1
actions,1
ChavezRavine,1
MiddleEastern,1
NotaSingleState,1
VinScully,1
3a,1
trump16,1
migraine,1
TREMENDOUS,1
ProtectOurFreedoms,1
TheFive,1
CallTrumpLies,1
YourPHX,1
Scam,1
douchrockets,1
Supernatural,1
f3news,1
cruz,1
bozo,1
CLICsLIVENOISE,1
Hypocrite,1
AmericaCrusader,1
huckabee,1
hipster,1
FackedEm,1
Msnbc,1
stamina,1
NastyGuy,1
cbsnews,1
crooked,1
Kenyan,1
mobileapp,1
Attitude,1
NAGR,1
Sideshow,1
shoppershour,1
derrickrose,1
TrumpInTrouble,1
Forage,1
Argentina,1
PatheticPence,1
real,1
2016race,1
Carrie,1
dotheirJob,1
TrumpPresident,1
Insane,1
CrookedHILLARY,1
ThingsTrumpSay,1
BiLLary,1
TrumpIsDangerous,1
games,1
SteveBannon,1
Navy,1
Shameonher,1
fboLoud,1
buttsex,1
hillaryrottenclinton,1
wall,1
HyperNormalisation,1
Panama,1
USAelection2016,1
PartyOfLincoln,1
terroristsupporter,1
hannity,1
4MillionDead,1
CrookedHIllary,1
union,1
whiny,1
mike_pence,1
USPresidentialCampaign,1
guliani,1
EndoftheWorld,1
CBSLA,1
VoteYourFuture,1
HumaAbedin,1
Bikers4Trump,1
RUDYGIULIANI,1
TeenBulling,1
FUCKTRUMP,1
TrumpWHINER,1
politician,1
VoterIntimidation,1
HuffingtonPost,1
Imwithher,1
Messi,1
DipShit,1
newspaper,1
MediaCorruption,1
RipHerANewOne,1
TacoNight,1
YaasssHillary,1
force,1
NeverTRump,1
endprohibition,1
RCP,1
YoungDems,1
TeamGov,1
BillCosby,1
Corry,1
Dead,1
KayleighMcEneny,1
thentellme,1
CONGRESS,1
KarmaIsABitch,1
RAPE,1
TrumpAngelicals,1
recipients,1
vegano,1
thewall,1
YOGA,1
myguessisthelatter,1
FightTheLiberalMedia,1
Snoopy,1
reminder,1
EmailScandal,1
DonateToHillary,1
TeQuedasOteVas,1
OWS,1
Vermont,1
VoteBiLLary,1
I,1
Values,1
Shade,1
Christian,1
ùó•ùó≤ùóΩùòÇùóØùóπùó∂ùó∞ùóÆùóªùòÄ,1
NAACP,1
anythin,1
moms,1
BillsChild,1
DoYourJob,1
OpBlackout,1
Fraudulent,1
Reno,1
BLM,1
harringtoon,1
mapoli,1
DOJ,1
yogi,1
trumpsarmy,1
TheDonaldisDown,1
Greedy,1
ObamaBeReady,1
Finished,1
Peretti,1
MSMediaFailed,1
TrumpForeignInterests,1
RepublicanHQ,1
Make,1
WomenAgainstTrump,1
victims,1
JudyWoodruff,1
Did,1
talkingsnakes,1
MCE,1
SCUM,1
transgender,1
screwing,1
electiondebate,1
dishonest,1
SoThickTheyreSet,1
reince,1
zombies,1
NJ,1
BillClinto,1
bets,1
SkipTheDebate,1
cybersecurity,1
streetreporting,1
poop,1
dead,1
oval,1
presidential,1
Idiot,1
billboard,1
E,1
racial,1
Dubstep,1
Relationship,1
Pittsburgh,1
Moscow,1
comments,1
Facebook,1
ScottieNel,1
doublestandard,1
Potus,1
TrumpSeason,1
truth,1
WetDryCheck,1
Krauthammer,1
RASMUSSEN,1
groperinchief,1
USWahl,1
Hacked,1
IAMYOURVOICE,1
dicktac,1
DEdebates,1
CorruptClinton,1
donation,1
Proven,1
drama,1
AWineForAny,1
demonic,1
UK,1
finaldebate,1
HillaryLiesMatter,1
tshirt,1
SaturdayMorning,1
TheNextPresidentis,1
Rasmussen,1
vox,1
AMERICANEEDSTRUMP,1
homemade,1
anythingbut,1
TrumpWantsWar,1
DRAINtheSWAMP,1
Markov,1
stump,1
oc,1
ExecutiveOrder,1
southpark,1
Divided,1
Baptist,1
FinalPresidentialDebate,1
FacebookLive,1
GraveYardDiggers,1
Kellyfiles,1
game,1
FromApprenticetoBiggestLoser,1
Austin,1
REKT,1
ThereAreOtherChoices,1
planet,1
DrainTehSwamp,1
TrumpDanger,1
HaitianFund,1
neverMegynKelly,1
hillaryforprison2016,1
KLPC,1
Caught,1
life,1
seo,1
TajMahal,1
BlackTwitter,1
diversity,1
PayToPlay,1
journalism,1
OrangeNazi,1
gay,1
Tempe,1
TV,1
corruptUSA,1
MiddleEast,1
EmpireDidNothingWrong,1
Wired,1
Ignorant,1
tech,1
Trolls,1
canada,1
AC,1
Trumperhood,1
pathetic,1
PurgeDeadFiles,1
MadamePresident,1
MediaCrossOver,1
pussygrabsback,1
AZElection,1
jellymuch,1
youtube,1
„Ç¢„É°„É™„Ç´,1
Philly,1
MadamPresident,1
OpenBorders,1
OhHillNo,1
DEMOCRATS,1
Genocide1994,1
signage,1
rawvegan,1
BlackVotesMatter,1
Fundation,1
YoureWhite,1
paint,1
wickedwitch,1
MiercolesDeGanarSeguidores,1
Texit,1
ScottiieNellHughes,1
HalloweenCostumes,1
StopWhining,1
disgusting,1
teleprompteritalia,1
bospoli,1
TrumpIs,1
Christie,1
masculinity,1
PaulSimon,1
Gary,1
JackRyan,1
Canadian,1
smh,1
3rdpresidentialdebate,1
realissuesneedattention,1
tacos,1
gottalent,1
fart,1
WeRally,1
trumppence,1
Wellesly,1
ONLYTRUMP,1
gender,1
Network,1
sleazydrivebymedia,1
conspiricy,1
Felonious,1
rapeculture,1
VoteTRUMP,1
TrumpTv,1
RepealThe19th,1
WON,1
jacocostarica,1
HONEST,1
independents,1
unelectable,1
ColinPowell,1
gaming,1
train,1
Nativetongues,1
guns,1
UnitePerv,1
full,1
riggedmedia,1
gotrumpgo,1
save,1
Condoleezza,1
paypal,1
ukip,1
Men,1
spooning,1
PopCulture,1
RegisteredVoters,1
TownhallMeetings,1
Trumpsters,1
HildaBeast,1
CUBA,1
Repost,1
VFsummit,1
Devil,1
HIllYes,1
LasVegasDebate,1
WhiteTrash,1
muslim,1
constitutionalconservative,1
Firebombing,1
sixwitnesses,1
Property,1
DEMS,1
womeninpolitics,1
retweets,1
stortystream,1
TuttiControValeria,1
Milwaukee,1
surrogates,1
WrongSign,1
TurnOffFox,1
MustLeaveBordersBehindBecauseFutureOfUSdependsOnGlobalEconomy,1
PigBoyTrump,1
snowden,1
Kaine,1
WomenoftheYear,1
IDontGetIt,1
scary,1
Okiedoke,1
bs,1
ShitFloats,1
Espect√°culos,1
Revolution,1
GotMyViewBack,1
RacialTensions,1
ItsNotOkay,1
satchat,1
ArkhamAsylum,1
Politique,1
Balochistan,1
cosen,1
stupidaccusation,1
RudyGiuluai,1
GodIsWhite,1
Whitehouse,1
ProudDeplorable,1
Massachusetts,1
GrandJunction,1
Peter,1
oligarchie,1
neverHillary,1
LoserTrump,1
gotatickle,1
Quit,1
abc,1
women4trump,1
Dickhead,1
presidentaldebate,1
grass,1
HarryPotter,1
ManovreIpocriteBetta,1
bully,1
writers,1
endorsement,1
Erinburnett,1
pizza,1
granddaughter,1
FeltTheLove,1
men,1
StreetArt,1
infinatewarfare,1
infowars,1
thed,1
AppsWorld,1
xenophobia,1
BFF,1
ALERT,1
MakeAmericaGreat,1
AmericanDays,1
MakeAmericaSafeAgain,1
Edu,1
JudicialWatch,1
Taxplans,1
ChristiansVoteTrump,1
Corruption,1
fall,1
Trump2k16,1
hysterics,1
ThirdParty,1
Trumpfavored,1
nottrump,1
melaniaTrump,1
apes,1
OpenTheDebates,1
ClintonCash,1
Omarosa,1
DEM,1
StartingUnder,1
Gucciffer,1
Muslims,1
Chavez,1
nhl,1
erinburnett,1
FurnitureShopping,1
finance,1
Deb8Question,1
TWDbeiRTL2,1
Iraqis,1
RobbyMook,1
Simulation,1
BragAlert,1
Cosby,1
NFL,1
tickinTimeBomb,1
JefferyEpstien,1
Haters,1
Prison,1
onlymyopinion,1
RealityTV,1
TrumpLovesPecker,1
alreadygreat,1
RomanCatholics,1
Iraq,1
Smoking,1
NewsHour,1
parody,1
TRUMPTRUMPTRUMP,1
EllisIsland,1
VotoLatino,1
McMillian,1
Scientists,1
HillaryGropedMe,1
DrainsTheSenate,1
Macri,1
POLITICS,1
Criminal,1
haircut,1
TinaFey,1
freedom,1
AmazonKindle,1
space,1
tormentadesierto,1
JVteam,1
humility,1
deportion,1
HatePlan,1
hilarious,1
nypost,1
1Corinthians1,1
Valeria,1
arizona,1
MarcoRubio,1
FreeJuilan,1
Money,1
ABtitulares,1
BERNERSFORTRUMP,1
Okeefe,1
DVAM2016,1
UnivBoston,1
UKIP,1
Shootings,1
poem,1
People,1
buckscounty,1
giftideas,1
THEGREATDEBATE,1
syria,1
Billionaires,1
HelterSkelter,1
Hillary2016,1
DNCemail,1
taco,1
ourtownreno,1
MikePence2016,1
email,1
Weed,1
mitchellvii,1
GregStillson,1
silent,1
privacy,1
Boycott,1
FeelTheBurn,1
SOSAmerica,1
welfare,1
txlege,1
final,1
Rumsfeldian,1
themole,1
BlackOps3,1
hotel,1
Avengers,1
Impersonating,1
selfrighteous,1
Lyft,1
Trumps,1
trumpPence,1
BlacksForTrump,1
Xi,1
cantwait,1
Thiel,1
scraping,1
rudygulianni,1
BARACKOBAMA,1
AmericanDisaster,1
caleg,1
OnlyTrump,1
AmericaVotes,1
socialjusticepolice,1
RiggedElections,1
steak,1
HillaryMustWithdraw,1
edgy,1
ALCS,1
MURICA,1
PoopOfJustice,1
USIH,1
DemocRAT,1
AllLies,1
BILLYBUSH,1
kayleighNcEnany,1
Vote2016,1
whiner,1
108years,1
GeneralMichaelFlynn,1
SUNY,1
VoteGreenParty,1
Journalists,1
VeteransForTrump,1
Kareem,1
Rallies,1
CheckPlease,1
Trumpclown,1
DumbandDumber,1
EtatsUnis,1
BananaRepublic,1
Philadelphia,1
hungry,1
peoplemag,1
KGBKKK,1
INDEPENDENCEDAY,1
NYC,1
bigbaby,1
Mark,1
Take,1
event,1
cooking,1
callofduty,1
DEBATES,1
Malik,1
globalisation,1
Activist,1
pussyprotest,1
Ch√°vez,1
like4like,1
Lowblows,1
UniversalHealthcare,1
voteTrump,1
CryBaby,1
Jackass,1
Wyoming,1
exceptional,1
Wisconsinpoll,1
Violence,1
Billclinton,1
NewtGingrich,1
WomenCanStopTrump,1
famous,1
murica,1
RogerAiles,1
pussypower,1
greatpumpkin,1
emails,1
YouGotTrumped,1
kellyannepolls,1
Views,1
adultchat,1
StateDept,1
dallas,1
ClintonForPresident,1
WakeUp,1
presidentialdebates,1
tacotruck,1
republicanos,1
nationaldebt,1
AllwhiteEverythang,1
elected,1
Bible,1
LeslieMilwee,1
YaasHills,1
topoli,1
staminarequired,1
Breaking,1
MalignantNarcissist,1
illegals,1
Lies,1
Brains,1
Sweeney,1
wearable,1
AltChrist,1
Bleach,1
GOPUnite,1
Difendete,1
zelda,1
Debatenight2016,1
Repubs,1
SkyNews,1
Marco,1
Populism,1
etsyrwt,1
TrumpsALoser,1
moonlanding,1
dtv,1
etc,1
BILLCLINTON,1
Mosul,1
2016electi,1
DebateTonight,1
HILLARYFORPRISON,1
GoTrumpGo,1
ISLAM,1
Divorce,1
Oh,1
FREEDOM,1
Aleppo,1
Politifact,1
UT,1
HumpdayHumor,1
bluehand,1
EPA,1
todocambia,1
sodonewiththiselection,1
debt,1
whinylittlebitch,1
Seal,1
DebatesMegaTV,1
erie,1
suburbs,1
BreitbartNews,1
AdamCurtis,1
Chia,1
Fraud,1
TVDuell,1
labour,1
guyfawkes,1
Peace,1
NativeAmerican,1
CBC,1
whatsyouragenda,1
ABQ,1
lection,1
Bossie,1
Trumpism,1
newmusic,1
TrumpTAXES,1
sex,1
ZDF,1
SON,1
LyingTrump,1
DebateAND,1
MelaniaTrump,1
spreadtheword,1
BoycottMorningJoe,1
casino,1
mexico,1
KILLARY,1
bias,1
dems,1
PayPal,1
InfoWars,1
Gov,1
UnitedStates,1
trumpvsclinton2016,1
Marvel,1
NSA,1
MumiaAbuJamal,1
feelthebern,1
NixonSS,1
prayers,1
BAHHAHAHA,1
ConcernedCanadian,1
AtlanticCity,1
Independent,1
P,1
SusanSarandon,1
preach,1
McCain,1
lastdebate,1
cleaning,1
Doxed,1
illinois,1
cubs,1
NewJersey,1
HillaryCinton,1
Xfiles,1
EMAILS,1
inmigraci√≥n,1
Divisive,1
Gladd,1
republicans,1
ChristianWomen,1
meat,1
investments,1
PodestaEmails14,1
pol√≠ticos,1
world,1
GodFather,1
PATERNITY,1
LatinosVote,1
VoteFraudiPhilly,1
VerbalDestruction,1
kasich,1
onfire,1
PresDebate,1
Nutball,1
TrumpMeltdown,1
USPresidentialDebate,1
Tennessee,1
pussytape,1
staywoke,1
cl,1
Globalism,1
Round3,1
Independant,1
Goodell,1
WallStreet,1
ClintonCartel,1
FriedChicken,1
WIN,1
flyertemplate,1
Faith,1
messiah,1
IWin,1
BlueColarVoters,1
canttrustthem,1
tinyhands,1
ItsWhatDemocratsDo,1
PASenate,1
LastDebate,1
Bluehand,1
AntiTrump,1
Pulitzer,1
ijs,1
MSFTAdvocate,1
Church,1
Trumpsuporters,1
affidatiaiProfessionisti,1
georgia,1
altmedia,1
peace,1
Rally,1
myFirstTweet,1
jewelry,1
ATENCI√ìN,1
douchebag,1
DUMPtrump,1
frauds,1
NationalEnquirer,1
SERE,1
CharliesAngels,1
hotels,1
NoHandShake,1
RushLimbaugh,1
MomsDemandHillary,1
l4l,1
flump,1
SoreLoser,1
Sociopath,1
NewYorker,1
„Éà„É©„É≥„Éó,1
Voters,1
CCOT,1
FLOTUS,1
Christianity,1
DesperateMoves,1
readyforthedebate,1
guncontrol,1
TostiEsquites,1
SissySpacek,1
eldailyplanet,1
OMGDavid,1
CorruptPodesta,1
ChristiansAgainstTrump,1
MerylStreep,1
Like,1
fse,1
america,1
NM,1
groper,1
Letsarguetonight,1
Bill,1
fight,1
Bern,1
wreckingball,1
Wikileak,1
Assad,1
USPresidentialRace,1
aintmeat,1
war,1
LBGTQ,1
earlyvoting,1
dickgregory,1
JustSayin,1
failure,1
podcast,1
knowledgeispower,1
wethepeople,1
Drink,1
DEMOCRAT,1
50WaysToLoseYourElection,1
NEVERHILLARY,1
MalikConTrump,1
Rice,1
factchecks,1
IronMan,1
veritasvideos,1
PussyPower,1
USelection,1
money,1
OralSex,1
Pensions,1
corbyn,1
TrumpLosingBigly,1
rally,1
totallywaskidding,1
rig,1
EXCLUSIVE,1
IRiseWithHer,1
Hypocrisy,1
winning,1
TimTebow,1
Believe,1
NeverTrumpOrHillary,1
HOMOSEXUAL,1
badasmainstream,1
ExitPolls,1
YourCall,1
LIBERALSFORTRUMP,1
McMullin,1
Trumperantrum,1
pussytalk,1
Trickle,1
CBS,1
Intervention,1
soleproprietors,1
atheist,1
colorado,1
Cuba,1
Child,1
DCvsMarvel,1
IAmTrump,1
PennsylvaniaProud,1
watchparty,1
laundromat,1
WisconsinPrimary,1
