trump,7964
like,6464
good,2363
right,2082
better,1863
great,1756
win,1488
well,1398
won,1223
smart,1207
love,1085
support,995
best,957
winning,886
wow,838
wins,797
work,713
ready,670
nice,588
endorsed,493
enough,475
wonder,460
rich,446
proud,409
fair,394
advantage,372
pretty,364
clearly,344
thank,330
strong,323
important,318
free,318
supporter,297
trust,296
lead,288
happy,285
supporting,272
interesting,270
clear,268
cool,264
top,253
endorsement,253
fun,249
amazing,246
super,241
winner,229
tough,220
loves,217
calm,217
respect,214
wealthy,198
supported,179
hilarious,176
works,174
greatest,174
easy,171
smile,171
supports,170
beautiful,170
hot,163
endorse,162
glad,159
honest,155
strongest,154
worked,148
favor,147
excited,141
awesome,140
likes,137
worth,136
perfect,133
gold,132
correct,130
qualified,128
luck,127
fine,126
defeat,125
victory,122
holy,119
protect,117
boom,114
successful,110
safe,109
favorite,108
fast,106
leading,105
endorsing,94
brilliant,93
fans,89
proven,89
positive,88
entertaining,87
quiet,85
helping,84
helped,82
clean,80
leads,80
intelligent,80
promises,79
welcome,78
endorses,78
smiling,77
intelligence,77
success,76
enjoy,76
protection,72
powerful,72
educated,72
proves,71
master,71
excellent,70
loving,69
stronger,68
afford,65
silent,65
classic,65
solid,64
effective,64
appeal,63
heal,63
loved,63
modern,63
accurate,62
bless,61
premier,61
impressed,60
pure,59
gain,59
wonderful,59
healthy,59
whoa,57
incredible,56
willing,55
confident,55
charitable,55
honor,55
coherent,54
proving,54
genius,54
poised,53
improve,53
fantastic,52
liked,52
beauty,49
correctly,49
sane,49
benefit,48
supreme,48
trusted,48
prefer,45
peace,45
hero,45
smarter,44
decent,43
interests,43
articulate,43
popular,42
freedom,42
transparent,42
fairly,42
classy,42
incredibly,41
promise,41
smiles,40
grand,40
promised,40
faith,40
reform,39
available,39
praise,39
satisfied,38
tremendously,37
bright,37
led,37
enjoying,37
sweet,36
truthful,36
passionate,36
famous,35
trustworthy,34
fortune,34
defeating,34
respectful,34
champion,34
passion,34
honesty,34
pride,34
priceless,33
capable,33
engaging,33
soft,33
perfectly,33
logical,32
fresh,32
progress,32
appealing,32
polished,32
yay,31
goodness,31
cheer,30
advocates,30
wise,30
bravo,30
polite,30
dignity,29
benefits,29
elite,29
openly,29
confidence,28
relief,28
substantive,27
unbiased,27
appropriate,27
secure,27
prosperity,26
easier,26
winners,26
warm,26
fairness,26
patriotic,26
richer,26
comfortable,25
faster,25
authentic,25
kudos,24
proper,24
survivor,24
congratulations,24
steady,24
boost,24
sharp,24
privilege,23
advocate,23
grin,23
credible,23
balanced,23
impressive,23
lean,23
rational,23
thoughtful,23
knowledgeable,22
award,22
unreal,22
gains,22
decency,22
grace,22
mercy,22
wisdom,22
dominated,22
dominate,22
exceeded,21
consistently,21
lovely,21
superior,21
successfully,20
sincere,20
surreal,20
fascinating,20
amazed,20
slick,20
exciting,20
patriot,20
magic,19
improved,19
succeed,19
appreciate,19
mighty,19
reasonable,19
tougher,19
consistent,19
humor,19
poise,19
clever,19
properly,19
revival,18
favored,18
sensible,18
guarantee,18
wonders,18
qualify,18
eloquent,18
advocated,17
worthy,17
fancy,17
diplomatic,17
praising,17
friendly,17
mature,17
supremacy,17
stunning,17
accomplished,17
likable,17
patient,17
heaven,17
regard,17
approval,17
genuine,16
ideal,16
patience,16
progressive,16
gracious,16
cleared,16
approve,16
audible,16
significant,16
shine,16
loyalty,16
finest,15
stable,15
useful,15
applaud,15
ethical,15
aver,15
effectively,15
acumen,15
defender,15
enthusiasm,15
nicely,15
cute,15
lucky,15
gained,15
encourage,15
liking,15
favour,15
empathy,14
triumph,14
succeeded,14
fabulous,14
fav,14
glorious,14
reliable,14
fame,14
defeated,14
savvy,14
pleased,13
hail,13
privileged,13
smartest,13
obsession,13
encouraging,13
outstanding,13
astonishing,13
recovery,13
smooth,13
relaxed,13
recover,13
woo,13
cure,13
humble,13
promising,13
helpful,13
audibly,12
accomplishment,12
brave,12
admire,12
fond,12
trophy,12
champ,12
excitement,12
thrilled,12
compliment,12
talent,12
contribution,12
enjoyed,12
convincing,12
greatness,12
accurately,12
precious,12
accomplishments,12
golden,12
courage,12
liberty,12
hug,12
clearer,11
ease,11
comfort,11
enthusiastic,11
gaining,11
envy,11
peaceful,11
kindness,11
impress,11
terrific,11
prize,11
sincerely,11
assure,11
glory,11
exceed,11
legendary,11
civility,11
optimistic,10
celebrate,10
fave,10
saint,10
compassion,10
skill,10
improving,10
charisma,10
congratulate,10
thankful,10
lover,10
amusing,10
cheaper,10
concise,10
joy,10
eagerly,10
inspiring,10
instantly,10
believable,10
awe,10
pardon,9
decisive,9
refreshing,9
pleasure,9
grateful,9
gentle,9
coherence,9
bonus,9
stunned,9
gusto,9
magical,9
attractive,9
dominates,9
valuable,9
delicious,9
favorable,9
clarity,9
advantages,9
dignified,9
seasoned,9
charming,9
positively,9
backbone,9
recommend,9
comprehensive,9
inspire,8
entertain,8
survival,8
honored,8
amazingly,8
honoring,8
vibrant,8
magnificent,8
fiery,8
tops,8
reward,8
unlimited,8
bullish,8
virtue,8
calming,8
cohesive,8
vigilant,8
adorable,8
memorable,8
loyal,8
sensitive,8
savings,8
handy,7
spectacular,7
truthfully,7
generous,7
uphold,7
swift,7
remarkable,7
sweeping,7
insightful,7
achievement,7
monumental,7
feisty,7
shiny,7
charismatic,7
compassionate,7
wisely,7
fortunate,7
prefers,7
redeem,7
conveniently,7
meaningful,7
precise,7
courageous,7
convenient,7
capability,7
innovation,7
sophisticated,7
skilled,7
dawn,7
fortunately,7
stability,6
enjoys,6
feasible,6
dedicated,6
delicate,6
witty,6
patiently,6
improvement,6
freedoms,6
succeeds,6
nicer,6
sincerity,6
talents,6
refund,6
enrich,6
humility,6
rightly,6
masters,6
happily,6
extraordinarily,6
productive,6
accomplish,6
revelation,6
brilliantly,6
luxurious,6
accolades,6
pleasant,6
dazzle,6
fluent,6
valor,6
victorious,6
protective,6
impartial,6
masterful,6
unity,6
astounding,6
eloquence,6
precisely,6
respectfully,5
promptly,5
optimism,5
spirited,5
responsibly,5
noble,5
realistic,5
creative,5
eager,5
trustworthiness,5
gem,5
pros,5
revive,5
smartly,5
rapture,5
celebration,5
leverage,5
admiration,5
efficient,5
rightfully,5
admirable,5
selective,5
satisfying,5
sexy,5
genial,5
reputation,5
breeze,5
hopeful,5
dumbfounded,5
easiest,5
windfall,5
worthwhile,5
brilliance,5
abound,5
humorous,5
celebrated,5
talented,5
happiness,5
renewed,5
morality,5
beneficial,5
thrive,5
achievements,5
empower,5
successes,5
hottest,5
kindly,5
rapid,5
righteous,5
economical,5
understandable,5
mastery,4
supportive,4
honorable,4
awards,4
eloquently,4
neatly,4
ftw,4
goodwill,4
superb,4
jolly,4
motivated,4
hooray,4
recommendation,4
destiny,4
outdone,4
savior,4
handily,4
promoter,4
grandeur,4
praiseworthy,4
calmness,4
rosy,4
stunningly,4
appreciated,4
deserving,4
energetic,4
reasonably,4
vouch,4
safely,4
handsome,4
renowned,4
reasoned,4
brighter,4
advanced,4
straightforward,4
verifiable,4
illuminati,4
exceeding,4
distinction,4
exemplary,4
cleaner,4
prowess,4
quicker,4
constructive,4
stimulate,4
restored,4
perfection,4
thriving,4
blockbuster,4
efficiently,4
competitive,4
danke,4
wholeheartedly,4
keen,4
striking,4
merit,4
sustainable,4
breathtaking,4
blessing,4
delight,4
charm,4
phenomenal,4
darling,4
glow,4
trusting,4
graceful,4
profoundly,4
avid,4
gifted,4
miracle,4
accessible,4
straighten,4
inspiration,4
glee,3
cornerstone,3
law-abiding,3
enjoyable,3
catchy,3
gladly,3
soothe,3
subsidize,3
overtakes,3
noteworthy,3
staunch,3
resounding,3
crisp,3
salute,3
astonished,3
cheapest,3
luster,3
serene,3
dynamic,3
innovative,3
enhance,3
monumentally,3
satisfactory,3
lawfully,3
wonderfully,3
reassurance,3
adore,3
distinguished,3
credence,3
rapport,3
luxury,3
robust,3
pleases,3
spiritual,3
lucrative,3
angel,3
intelligible,3
impeccable,3
unconditional,3
succeeding,3
humour,3
prosperous,3
spontaneous,3
daring,3
glowing,3
softer,3
beloved,3
regal,3
satisfy,3
cozy,3
aspire,3
sharper,3
willingness,3
beautifully,3
convincingly,3
evenly,3
elevate,3
reputable,3
prosper,3
respectable,3
neat,3
fastest,3
hardy,3
toughest,3
immense,3
sublime,3
recommended,3
passionately,3
happier,3
guidance,3
paradise,3
affordable,3
delighted,3
traction,3
affirmative,3
peach,3
solidarity,3
laud,3
proficient,3
visionary,3
commend,3
foresight,3
unmatched,3
unequivocally,3
profound,3
excellence,3
comforting,3
simplest,3
extraordinary,3
harmless,3
enhanced,3
admiring,3
easing,3
tickle,2
ample,2
thrill,2
tempting,2
smoother,2
politeness,2
high-quality,2
effortlessly,2
adequate,2
spotless,2
assurance,2
fearless,2
standout,2
prodigy,2
sweetheart,2
striving,2
quieter,2
gracefully,2
heartfelt,2
aspirations,2
sensational,2
intimate,2
brightest,2
heroic,2
gorgeous,2
congratulation,2
poetic,2
flourish,2
bonuses,2
reformed,2
superiority,2
refined,2
congratulatory,2
groundbreaking,2
commendable,2
unfettered,2
principled,2
simplified,2
assuring,2
astounded,2
proactive,2
rejuvenated,2
comfortably,2
thrills,2
renaissance,2
endearing,2
amazes,2
treasure,2
pleasing,2
tolerable,2
prominent,2
skillfully,2
compatible,2
suave,2
lively,2
lawful,2
heros,2
appreciates,2
magnanimous,2
invincible,2
embolden,2
entertains,2
trumpet,2
enthusiastically,2
exquisite,2
stellar,2
influential,2
flawless,2
suffice,2
sufficient,2
defeats,2
exuberance,2
stupendous,2
dignify,2
outwit,2
affable,2
superbly,2
suitable,2
indebted,2
thinner,2
reassure,2
comfy,2
warmth,2
idol,2
faithful,2
variety,2
authoritative,2
unquestionably,2
exonerate,2
marvelous,2
humane,2
redeeming,2
pep,2
finer,2
unaffected,2
astonishingly,2
vigilance,2
frolic,2
modest,2
bloom,2
glitz,2
well-being,2
resolute,2
sensation,2
foolproof,2
bargain,2
effectiveness,2
positives,2
clears,2
amaze,2
affluent,2
impassioned,2
tingle,2
poignant,2
truthfulness,2
impresses,2
triumphant,2
ecstatic,2
smitten,2
alluring,1
favorited,1
usable,1
courageously,1
remedy,1
infallible,1
prolific,1
eased,1
sufficiently,1
stylish,1
illuminate,1
rockstar,1
elegant,1
booming,1
appreciative,1
heavenly,1
staunchly,1
exceptionally,1
jovial,1
well-known,1
improvements,1
illustrious,1
attentive,1
geeky,1
rejuvenate,1
uplift,1
excel,1
lucid,1
lavish,1
remarkably,1
gems,1
quaint,1
endear,1
attraction,1
affinity,1
intriguing,1
erudite,1
bravery,1
keenly,1
awesomely,1
scenic,1
delightful,1
smoothly,1
excelled,1
revel,1
irresistible,1
empowerment,1
stainless,1
euphoric,1
glimmer,1
fascination,1
instrumental,1
overtaken,1
chivalrous,1
swanky,1
fabulously,1
preferably,1
exceedingly,1
easygoing,1
flawlessly,1
purposeful,1
accolade,1
convient,1
marvel,1
restructure,1
bliss,1
mesmerizing,1
zeal,1
unfazed,1
blameless,1
richly,1
adulation,1
exuberant,1
first-class,1
nicest,1
enthralled,1
gratitude,1
brainy,1
powerfully,1
righteously,1
fervently,1
flutter,1
pleasantly,1
reforming,1
outshine,1
empathize,1
glorify,1
tenaciously,1
securely,1
ardent,1
wondrous,1
rewarding,1
adored,1
blissfully,1
chivalry,1
euphoria,1
gleefully,1
excite,1
stimulating,1
willingly,1
skillful,1
soundly,1
refunded,1
preferring,1
peppy,1
cooperative,1
flattering,1
earnest,1
relish,1
entice,1
veritable,1
plush,1
thrift,1
revolutionary,1
galore,1
feasibly,1
wowed,1
prompt,1
unequivocal,1
awarded,1
well-connected,1
excels,1
picturesque,1
impressively,1
enlighten,1
thrilling,1
sparkling,1
tenacious,1
flashy,1
fantastically,1
luckiest,1
merry,1
improves,1
astutely,1
bountiful,1
impartiality,1
subsidized,1
flexible,1
glamorous,1
affection,1
low-priced,1
chic,1
impeccably,1
gloriously,1
perseverance,1
foremost,1
timely,1
amicably,1
obsessions,1
eminent,1
freed,1
exceeds,1
succes,1
conscientious,1
beneficiary,1
goodly,1
romantic,1
rightness,1
abounds,1
firmer,1
pampered,1
elegance,1
cushy,1
tenacity,1
nurturing,1
gush,1
enhancement,1
maturity,1
refreshed,1
eventful,1
coolest,1
commitment,1
formidable,1
rejoice,1
agreeable,1
sweeten,1
smoothest,1
merciful,1
preferable,1
supremely,1
breathtakingly,1
intimacy,1
liberation,1
persevere,1
reforms,1
stabilize,1
stately,1
outsmart,1
expansive,1
benefactor,1
fondness,1
overtake,1
reclaim,1
upgraded,1
adjustable,1
hands-down,1
amazement,1
bolster,1
frugal,1
exhilaration,1
upscale,1
assurances,1
reachable,1
triumphantly,1
spectacularly,1
prestige,1
inspirational,1
cheerful,1
intricate,1
angelic,1
undisputed,1
joyful,1
joyfully,1
benevolent,1
razor-sharp,1
breakthrough,1
divine,1
fanfare,1
enticing,1
steadfast,1
gaily,1
simpler,1
diligent,1
peacefully,1
gooood,1
desiring,1
awsome,1
agreeably,1
steadiness,1
faithfully,1
diligence,1
satisfactorily,1
snazzy,1
goood,1
tidy,1
strikingly,1
enchanting,1
responsive,1
feat,1
admirably,1
homage,1
complements,1
rejoicing,1
outdo,1
courteous,1
trendy,1
unabashed,1
congenial,1
uplifting,1
friendliness,1
serenity,1
seamless,1
adoringly,1
viewable,1
intuitive,1
generosity,1
enchanted,1
undaunted,1
godsend,1
awesomeness,1
